Ruta,n_obs,var_time,std_time,median_time,mean_time,q25,q75,tiempo_ideal,buffer_recomendado,mean_time_safe,CV,Es_Critica
AIR SHOP/BB CANCUN PLANTA,72,30695.434859154928,175.2011268775259,47.5,77.79166666666667,35.0,65.25,47.5,271.75744240323314,77.79166666666667,2.252183741328667,False
ALPURA - PGL/WM CEDIS CHALCO,63,227.4045058883769,15.079937197759708,0.0,2.6031746031746037,0.0,1.0,0.0,19.302319613132426,2.6031746031746037,5.792902704017448,False
AURRERA CHAC MOOL CANCUN/WM CEDIS PERECEDERO VHSA,25,630376.64,793.9626187674078,1492.0,1574.16,1314.0,1751.0,1492.0,2508.272152022282,1574.16,0.5043722485436091,False
AURRERA LAS AMERICAS/CEDIS PERECEDEROS VHS,27,360354.78917378926,600.2955848361615,1074.0,1205.4074074074074,935.5,1351.5,1074.0,1842.3783485902868,1205.4074074074074,0.4980022365444713,False
AURRERA PROGRESO MERIDA/CEDIS PERECEDEROS VHS,39,254510.02834008096,504.4898694127375,1287.0,1363.8461538461538,1132.5,1462.0,1287.0,1932.747032848304,1363.8461538461538,0.36990232951864566,False
AURRERA PROGRESO MERIDA/WM CEDIS PERECEDERO VHSA,26,141395.42153846152,376.0258256269927,1237.0,1202.3076923076924,1043.75,1433.0,1237.0,1718.3130568025506,1202.3076923076924,0.31275340583179173,False
BA TLAPA GRO/WM CEDIS CHALCO,30,0.3919540229885056,0.6260623155792925,0.0,0.4333333333333333,0.0,1.0,0.0,0.8013597639414944,0.4333333333333333,1.4447591897983674,False
BB CAMPECHE OTE/BB CANCUN PLANTA,53,273368.8809869376,522.8469001408898,630.0,806.2452830188679,555.0,840.0,630.0,1299.244032180339,806.2452830188679,0.6484960732832642,False
BB CAMPECHE OTE/BB CHAMPOTON,139,7194.412470023976,84.81988251597603,95.0,125.12230215827338,82.0,127.5,95.0,203.5694496204493,125.12230215827338,0.6778957951771314,False
BB CAMPECHE OTE/BB DZITBALCHE,249,29128366.077957023,5397.070138321071,91.0,458.3333333333333,75.0,133.0,91.0,6999.249777050971,458.3333333333333,11.775425756336881,True
BB CAMPECHE OTE/BB ESCARCEGA,162,107208.160302124,327.4265723824564,205.5,300.820987654321,167.25,297.5,205.5,624.6060126495443,300.820987654321,1.088443246382491,False
BB CAMPECHE OTE/BB PACABTUN,1046,1671041.167672702,1292.6875754306227,234.5,370.20458891013385,171.0,360.0,234.5,1889.140096551197,370.20458891013385,3.491819426755996,False
BB CAMPECHE OTE/BB PONIENTE,55,36161518.77643096,6013.444834404899,255.0,1076.2363636363636,174.0,312.0,255.0,7952.209388038271,1076.2363636363636,5.587475983516115,False
BB CANCUN NORTE/BB CANCUN,156,197916484.27096772,14068.279364263695,56.0,1199.0,40.0,75.25,56.0,18063.39758625753,1199.0,11.73334392348932,True
BB CANCUN NORTE/BB ISLA MUJERES,355,11383360.917211749,3373.9236679586797,307.0,661.2873239436619,180.0,485.5,307.0,4625.62229498711,661.2873239436619,5.102054047910526,False
BB CANCUN NORTE/BB PONIENTE,57,112110.85213032585,334.8295867009453,332.0,457.5964912280702,272.0,460.0,332.0,760.58187097721,457.5964912280702,0.7317136235077975,False
BB CANCUN PLANTA/AIR SHOP,72,501.633607198748,22.397178554423945,40.5,46.513888888888886,32.75,60.0,40.5,69.16838854966265,46.513888888888886,0.48151593189564773,False
BB CANCUN PLANTA/BB CAMPECHE OTE,48,60403.54210992906,245.7713207636909,477.0,534.8958333333334,408.0,604.0,477.0,791.5872905775244,534.8958333333334,0.45947510795159346,False
BB CANCUN PLANTA/BB CANCUN NORTE,163,15630215.758463996,3953.5067672212217,55.0,420.3926380368098,44.5,84.5,55.0,5115.488662043164,420.3926380368098,9.404319699040617,True
BB CANCUN PLANTA/BB CEDIS CANCUN,223,175.77954187371245,13.258187729614953,30.0,31.390134529147986,25.0,30.0,30.0,46.97048029390714,31.390134529147986,0.422367980529162,False
BB CANCUN PLANTA/BB CHETUMAL,691,10077188.330266992,3174.45874603325,532.0,845.5643994211288,466.0,656.5,532.0,4595.30719492256,845.5643994211288,3.7542483437174936,False
BB CANCUN PLANTA/BB COZUMEL,297,311091.8324005825,557.7560689052002,447.0,724.1245791245791,371.0,960.0,447.0,1160.9277681986564,724.1245791245791,0.7702487734631134,False
BB CANCUN PLANTA/BB FELIPE CARRILO PUERTO,174,109706.47933692113,331.2196844043559,354.0,431.4425287356322,297.5,437.75,354.0,777.9611960375755,431.4425287356322,0.7677029090641916,False
BB CANCUN PLANTA/BB ISLA MUJERES,218,44075.861159261,209.9425187027654,353.0,373.8623853211009,272.25,446.75,353.0,621.7264239395397,373.8623853211009,0.561550257382676,False
BB CANCUN PLANTA/BB IZAMAL,161,96128.34262422365,310.0457105399519,249.0,319.35403726708074,204.0,330.0,249.0,645.8585094911384,319.35403726708074,0.9708526411415175,False
BB CANCUN PLANTA/BB PACABTUN,901,2687679.0616450883,1639.4142434555972,322.0,474.1354051054384,246.0,407.0,322.0,2420.4502316231647,474.1354051054384,3.4576920976635854,False
BB CANCUN PLANTA/BB PLAYA DEL CARMEN,1132,1497247.58414721,1223.620686384147,80.0,175.31360424028267,65.0,127.0,80.0,1646.2344785717078,175.31360424028267,6.979610576638807,True
BB CANCUN PLANTA/BB PONIENTE,181,204722.04591774105,452.4622038554613,305.0,449.1436464088398,232.0,419.0,305.0,884.1516209349905,449.1436464088398,1.0073886327306538,False
BB CANCUN PLANTA/BB TIZIMIN,209,70776.92560728741,266.03933094053485,172.0,248.26315789473685,132.0,256.0,172.0,512.5303436038846,248.26315789473685,1.07160213861992,False
BB CANCUN PLANTA/BB TULUM,418,4784135.298796373,2187.266627276239,196.0,352.17224880382776,160.0,272.25,196.0,2995.701282913586,352.17224880382776,6.210786439605646,False
BB CANCUN PLANTA/BB VALLADOLID,283,109652.1015963712,331.137587109001,164.0,298.26148409893995,107.5,318.5,164.0,587.8561114995214,298.26148409893995,1.1102257742375992,False
BB CANCUN PLANTA/CHEDRAUI CANCUN MUNDO MAYA,126,65974.83307936507,256.85566585023014,30.0,70.15079365079364,30.0,60.0,30.0,358.7752522882946,70.15079365079364,3.661479114959724,False
BB CANCUN PLANTA/CITY CLUB,69,805579.4492753623,897.5407786141877,41.0,212.18840579710144,30.0,67.0,41.0,1189.8521966261603,212.18840579710144,4.229923756873093,False
BB CANCUN PLANTA/COSTCO,48,46439.4215425532,215.4980778163768,58.0,113.9375,35.0,108.25,58.0,333.8375396049624,113.9375,1.8913709517619466,False
BB CANCUN PLANTA/GRAND PALACE,66,833.9850815850818,28.878799864002,49.0,53.121212121212125,36.25,60.0,49.0,85.96486382592255,53.121212121212125,0.5436397008055139,False
BB CANCUN PLANTA/MEGA EMPACK,140,14988251.480935244,3871.466321813383,331.5,749.65,246.75,488.75,331.5,5286.97689192113,749.65,5.164365132813157,False
BB CANCUN PLANTA/MERA,110,18896.69132610509,137.46523679136152,42.0,61.73636363636364,32.25,60.0,42.0,217.95550309294276,61.73636363636364,2.2266493958253224,False
BB CANCUN PLANTA/SAMS CUMBRES,50,3642.000000000001,60.34898507845845,51.5,78.6,40.0,116.25,51.5,128.74670090042682,78.6,0.7677987923467996,False
BB CANCUN PLANTA/SAMS KABAH,52,2141.589743589744,46.27731348716932,35.0,54.69230769230769,30.0,60.0,35.0,94.23496126357674,54.69230769230769,0.8461393464601986,False
BB CANCUN PLANTA/SUPER AKI,64,33011.32936507936,181.69020162099923,37.0,71.5625,30.0,60.0,37.0,269.563458074879,71.5625,2.53890238073012,False
BB CANCUN/SAMS,99,189192.96557410844,434.9631772622925,43.0,106.53535353535354,30.0,62.5,43.0,599.7528668957343,106.53535353535354,4.082805968423908,False
BB CANDELARIA/BB PACABTUN,177,653221.5653569591,808.2212354033759,625.0,731.5649717514125,535.0,758.0,625.0,1659.5231813163211,731.5649717514125,1.1047839448469539,False
BB CEDIS CANCUN/BB CANCUN PLANTA,223,195.52821880176143,13.983140519989115,30.0,31.69506726457399,27.5,30.0,30.0,47.898419865586064,31.69506726457399,0.44117718392155814,False
BB CENTRO/BB PACABTUN,476,3678145.289588678,1917.8491310811385,25.0,152.83193277310923,21.0,30.0,25.0,2479.8468877838573,152.83193277310923,12.548746170267526,True
BB CENTRO/BB PONIENTE,399,5134424.763151599,2265.9269103727947,45.0,234.16040100250623,30.0,73.0,45.0,2945.386445277177,234.16040100250623,9.676815126177301,True
BB CHAMPOTON/BB CAMPECHE OTE,140,51501171.931089394,7176.431699047193,120.5,828.4357142857143,87.0,204.0,120.5,9306.332574780408,828.4357142857143,8.662629550241912,True
BB CHAMPOTON/BB PACABTUN,446,4569167.550279641,2137.561121998536,350.0,571.7488789237668,256.5,516.5,350.0,3086.0782361581264,571.7488789237668,3.7386363153386153,False
BB CHETUMAL/BB CANCUN PLANTA,689,3150874.2922967174,1775.0702217931316,624.0,785.1741654571844,484.0,824.0,624.0,2896.0898838952085,785.1741654571844,2.260734369373398,False
BB CHETUMAL/BB FELIPE CARRILO PUERTO,175,27349.766633825955,165.37764853155323,226.0,262.19428571428574,181.0,290.5,226.0,437.68339012038814,262.19428571428574,0.630744671193048,False
BB CHETUMAL/BB PACABTUN,348,142361.95922355834,377.3088379876071,490.0,579.8908045977012,388.0,634.25,490.0,972.9553126241372,579.8908045977012,0.6506549767578481,False
BB CHETUMAL/BB XPUJIL,71,28017567.592756536,5293.162343321479,300.0,1142.0845070422536,183.5,702.5,300.0,7075.247799451493,1142.0845070422536,4.634650335139909,False
BB CIUDAD DEL CARMEN/BB PACABTUN,769,2747178.9833387486,1657.4616084056815,492.0,585.8660598179454,406.0,587.0,492.0,2613.5508587592726,585.8660598179454,2.82907941265744,False
BB COZUMEL/BB CANCUN PLANTA,217,82471135.8312,9081.362003091826,430.0,1125.7603686635944,328.0,580.0,430.0,12054.14336395754,1125.7603686635944,8.066869518485925,True
BB COZUMEL/BB PACABTUN,77,21210644.588174988,4605.501556635822,572.0,1155.87012987013,456.0,759.0,572.0,6467.041992493853,1155.87012987013,3.984445516516014,False
BB DZITBALCHE/BB CAMPECHE OTE,255,15590616.741176477,3948.4955035021217,115.0,576.7764705882353,81.0,180.0,115.0,5169.074244482716,576.7764705882353,6.845798510946852,True
BB DZITBALCHE/BB PACABTUN,547,69209.90713917407,263.077758731471,122.0,229.0822669104205,91.0,250.5,122.0,458.7395311762829,229.0822669104205,1.1483986180141303,False
BB ESCARCEGA/BB CAMPECHE OTE,164,57069.71479874311,238.892684690727,213.5,301.6829268292683,158.0,360.0,213.5,519.2826364041306,301.6829268292683,0.7918667695302617,False
BB ESCARCEGA/BB PACABTUN,459,4603963.653490118,2145.6848914717457,427.0,632.6579520697168,345.0,559.5,427.0,3173.476661083834,632.6579520697168,3.391540222409626,False
BB FELIPE CARRILO PUERTO/BB CANCUN PLANTA,173,180057.26387955368,424.33154947464567,401.0,542.8554913294797,279.0,650.0,401.0,944.1443833275464,542.8554913294797,0.781665758663391,False
BB FELIPE CARRILO PUERTO/BB CHETUMAL,183,161662.53539902723,402.0727986310778,241.0,359.4590163934426,179.5,345.0,241.0,755.6531822477796,359.4590163934426,1.1185497658820516,False
BB FELIPE CARRILO PUERTO/BB PACABTUN,103,19441476.415952794,4409.248962799991,788.0,1195.3203883495146,340.0,1074.5,788.0,6431.8386723839885,1195.3203883495146,3.688759102392819,False
BB ISLA MUJERES/BB CANCUN NORTE,106,57828.43953279422,240.47544476057053,250.0,310.1320754716981,152.5,318.75,250.0,557.8085692935304,310.1320754716981,0.7753968833917526,False
BB ISLA MUJERES/BB CANCUN PLANTA,216,81465023.18518521,9025.797648140868,283.0,926.925925925926,189.5,360.0,283.0,11836.02098962031,926.925925925926,9.737345127254702,True
BB IZAMAL/BB CANCUN PLANTA,163,40195.54737559643,200.4882724141151,399.0,446.521472392638,313.5,550.0,399.0,655.6249886900673,446.521472392638,0.44900029407280223,False
BB IZAMAL/BB PACABTUN,442,199054.39143862677,446.1551203770128,75.0,150.24886877828055,65.25,106.25,75.0,646.0785540825763,150.24886877828055,2.9694407951609643,False
BB IZAMAL/BB PONIENTE,240,46955.00167364017,216.69102813370048,95.0,154.05,78.0,139.25,95.0,372.3645160111366,154.05,1.4066279009003602,False
BB JOSE MARIA MORELOS/BB PACABTUN,307,58890.12401268869,242.67287448886557,198.0,277.9869706840391,146.0,310.0,198.0,508.6212793457479,277.9869706840391,0.8729649231103295,False
BB JOSE MARIA MORELOS/BB TICUL,104,107083.95780433164,327.2368527600943,212.5,320.4423076923077,135.25,408.25,212.5,631.3631715329207,320.4423076923077,1.0212036454134852,False
BB MOTUL/BB PACABTUN,494,3309124.306251074,1819.0998615389628,50.0,163.00607287449392,40.0,66.75,50.0,2378.4478227698723,163.00607287449392,11.159706073893172,True
BB MOTUL/BB PONIENTE,173,70941.42357843797,266.3483125128409,53.0,102.97109826589596,41.0,75.0,53.0,393.9258400164363,102.97109826589596,2.586631753941926,False
BB PACABTUN/BB CAMPECHE OTE,1045,3475734.361101029,1864.3321488138931,201.0,321.11578947368423,172.0,256.0,201.0,2587.3451504817835,321.11578947368423,5.805794077798461,False
BB PACABTUN/BB CANCUN PLANTA,958,2246718.491821608,1498.9057648236624,529.0,669.570981210856,362.25,824.5,529.0,2447.599378974288,669.570981210856,2.2386062223201977,False
BB PACABTUN/BB CANDELARIA,178,609856.5548149556,780.9331308216828,551.5,633.8539325842696,500.25,630.0,551.5,1551.0944074517538,633.8539325842696,1.232039576748795,False
BB PACABTUN/BB CENTRO,478,304133659019.7036,551483.1448192262,24.0,25624.78451882845,21.0,28.0,24.0,705922.4253686096,25624.78451882845,21.521474430897566,True
BB PACABTUN/BB CHAMPOTON,442,76127.50752095711,275.9121373208455,296.0,331.9027149321267,244.0,360.0,296.0,649.1675357706822,331.9027149321267,0.8313042494312494,False
BB PACABTUN/BB CHETUMAL,344,37489.80578344296,193.62284416732172,561.5,591.0872093023256,508.0,647.25,561.5,809.3372405341718,591.0872093023256,0.32757068858901445,False
BB PACABTUN/BB CIUDAD DEL CARMEN,763,2640761.0730573763,1625.0418680936737,438.0,522.5963302752293,383.0,495.0,438.0,2518.053591159902,522.5963302752293,3.1095546867652764,False
BB PACABTUN/BB COZUMEL,77,79470.25358851675,281.90468883740965,602.0,656.7272727272727,547.0,680.0,602.0,962.8380017118844,656.7272727272727,0.4292568628476614,False
BB PACABTUN/BB DZITBALCHE,547,2991415.705392716,1729.570959918302,120.0,239.617915904936,100.0,170.0,120.0,2333.8508286954266,239.617915904936,7.218036904237483,True
BB PACABTUN/BB ESCARCEGA,458,4364723.665580535,2089.192108347276,404.0,551.0786026200873,349.0,475.75,404.0,3078.165898684513,551.0786026200873,3.791096403333885,False
BB PACABTUN/BB FELIPE CARRILO PUERTO,102,75220.29081731703,274.26317801942906,410.0,487.078431372549,366.0,491.25,410.0,761.0568678648692,487.078431372549,0.563078059618811,False
BB PACABTUN/BB IZAMAL,441,5930051.524747477,2435.1697116931045,80.0,272.5873015873016,72.0,103.0,80.0,3197.017230967174,272.5873015873016,8.933540548341325,True
BB PACABTUN/BB JOSE MARIA MORELOS,306,26171.3801350048,161.7757093478647,300.0,339.3921568627451,265.25,369.0,300.0,507.0729079652669,339.3921568627451,0.4766630756682131,False
BB PACABTUN/BB MOTUL,494,4040977.889386633,2010.218368582536,52.0,155.8765182186235,46.0,60.75,52.0,2625.0795117856464,155.8765182186235,12.896223187145601,True
BB PACABTUN/BB PALIZADA,36,61183.7396825397,247.353471135013,749.5,661.5555555555555,583.0,826.25,749.5,1066.1124430528166,661.5555555555555,0.3738967484405638,False
BB PACABTUN/BB PETO,300,16079.175239687856,126.8036878000315,177.5,207.13666666666663,140.0,235.75,177.5,339.8087203840403,207.13666666666663,0.6121740290630897,False
BB PACABTUN/BB PLAYA DEL CARMEN,412,59417.95977133675,243.75799427164796,409.0,453.69417475728153,346.75,480.0,409.0,721.0102326677094,453.69417475728153,0.5372738021202371,False
BB PACABTUN/BB PONIENTE,2297,1600347.9819166495,1265.048608519313,35.0,92.19068350021767,31.0,42.0,35.0,1654.2622189047206,92.19068350021767,13.72208731391308,True
BB PACABTUN/BB PROGRESO,782,2086290.638076309,1444.3997500956268,50.0,115.7237851662404,46.0,56.0,50.0,1898.8316801224023,115.7237851662404,12.481442324243947,True
BB PACABTUN/BB TICUL,950,3437086.517664018,1853.9381105268908,155.0,279.6842105263158,132.0,190.0,155.0,2528.0407814744203,279.6842105263158,6.6286834964265955,False
BB PACABTUN/BB TIZIMIN,353,318432.830157095,564.2985292884388,166.0,255.5099150141643,148.0,212.0,166.0,888.3021174892017,255.5099150141643,2.2085191068110084,False
BB PACABTUN/BB TULUM,20,23817.95789473684,154.33067710191918,370.0,393.2,337.0,448.5,370.0,567.5432666904566,393.2,0.3924991787943011,False
BB PACABTUN/BB VALLADOLID,505,217723.73426842692,466.6087593138677,182.0,234.48118811881187,157.0,238.0,182.0,779.2592119217506,234.48118811881187,1.9899624488316587,False
BB PACABTUN/BB XPUJIL,124,131456.65112772098,362.5695121321165,534.0,493.6532258064516,176.25,668.25,534.0,998.0889755291092,493.6532258064516,0.7344619525980175,False
BB PALIZADA/BB PACABTUN,36,288256.96825396834,536.8956772539414,857.0,945.0555555555557,660.0,1100.0,857.0,1544.2264668850448,945.0555555555557,0.5681101752143286,False
BB PETO/BB PACABTUN,304,1618963.7168229967,1272.385050534231,170.0,375.1118421052632,133.0,311.75,170.0,1798.652864683815,375.1118421052632,3.3920151477840483,False
BB PETO/BB TICUL,131,138800.4999412801,372.5593911596917,171.0,315.99236641221376,119.0,422.5,171.0,647.8760206844054,315.99236641221376,1.1790138964106682,False
BB PLAYA DEL CARMEN/BB CANCUN PLANTA,1167,3496419.9472779874,1869.8716392517397,89.0,253.8114824335904,67.0,154.5,89.0,2482.4356982422264,253.8114824335904,7.367167242880709,True
BB PLAYA DEL CARMEN/BB PACABTUN,417,45000.04936819775,212.13215071789037,322.0,358.75779376498804,254.0,413.0,322.0,593.5291529188996,358.75779376498804,0.5912962851389706,False
BB PLAYA DEL CARMEN/IEQSA,29,1663045.5985221677,1289.5912524990883,3070.0,2937.206896551724,2160.0,3540.0,3070.0,4720.676803198833,2937.206896551724,0.43905359680758826,False
BB PLAYA DEL CARMEN/MEGA EMPACK,50,313367.06489795924,559.791983595656,399.0,606.42,240.0,771.0,399.0,1115.5337390024397,606.42,0.9231093690769698,False
BB PLAYA DEL CARMEN/TULUM,276,66349.97844532279,257.5848956078807,115.0,165.7753623188406,95.0,147.25,115.0,444.7086663780873,165.7753623188406,1.5538189270397138,False
BB PONIENTE/BB CAMPECHE OTE,47,20375.99907493061,142.74452380014657,235.0,267.1489361702128,179.0,300.5,235.0,417.7129904641876,267.1489361702128,0.5343256306631801,False
BB PONIENTE/BB CANCUN,101,9694533.242376236,3113.604541745184,415.0,924.7227722772276,330.0,598.0,415.0,4400.413813433836,924.7227722772276,3.367068093367706,False
BB PONIENTE/BB CANCUN NORTE,75,57157.95387387386,239.0772968599776,450.0,477.2133333333333,393.0,494.0,450.0,756.0189399807714,477.2133333333333,0.5009862050375323,False
BB PONIENTE/BB CENTRO,738,2739570.11707354,1655.1646797444475,67.0,165.96883468834687,44.0,102.75,67.0,2185.610790072893,165.96883468834687,9.972743875996263,True
BB PONIENTE/BB IZAMAL,239,52998.80665236808,230.21469686440108,117.0,171.00836820083683,98.0,167.0,117.0,411.6748119864334,171.00836820083683,1.3462188972765985,False
BB PONIENTE/BB MOTUL,173,18699687.40361609,4324.3135181917705,73.0,570.9421965317919,63.0,91.0,73.0,5608.121303285467,570.9421965317919,7.5739953089121155,True
BB PONIENTE/BB PACABTUN,2297,6832826.824803293,2613.967640351214,38.0,191.21201567261645,33.0,47.0,38.0,3383.878579649554,191.21201567261645,13.670519769148385,True
BB PONIENTE/BB PROGRESO,397,226352.98758364483,475.765685588657,52.0,129.32493702770782,49.0,59.0,52.0,660.980077553481,129.32493702770782,3.6788394916188856,False
BB PONIENTE/BB TICUL,54,29872523.943046827,5465.576268157533,180.0,949.9814814814816,145.75,214.25,180.0,7175.9376232416425,949.9814814814816,5.753350328086449,False
BB PONIENTE/MEGA EMPACK,77,21137388.463431302,4597.541567341323,60.0,644.3376623376623,30.0,90.0,60.0,5944.853206196894,644.3376623376623,7.135298518266656,True
BB PROGRESO/BB PACABTUN,782,19918171.78688216,4462.977905712974,42.0,294.3324808184143,36.0,49.0,42.0,5754.611719312607,294.3324808184143,15.16304926083359,True
BB PROGRESO/BB PONIENTE,396,147479.09525636106,384.0300707709763,43.0,93.32323232323232,37.0,50.0,43.0,534.5584905868496,93.32323232323232,4.115053253201284,False
BB TICUL/BB JOSE MARIA MORELOS,99,116844.0954442383,341.8246559922767,289.0,350.1919191919192,147.0,404.0,289.0,726.5355596701143,350.1919191919192,0.9761066354159448,False
BB TICUL/BB PACABTUN,950,60459.46616826572,245.8850669891641,153.0,222.97473684210527,125.0,220.0,153.0,467.7328857461301,222.97473684210527,1.102748546635946,False
BB TICUL/BB PETO,122,82453.29603034817,287.14681964170904,141.0,231.0983606557377,119.25,205.0,141.0,508.5479291413876,231.0983606557377,1.2425307510920232,False
BB TICUL/BB PONIENTE,56,34698.61688311688,186.27564758474705,165.0,230.53571428571428,130.75,267.5,165.0,403.43282890847627,230.53571428571428,0.8080121041631165,False
BB TIZIMIN/BB CANCUN PLANTA,211,90253.18144888284,300.42167273497904,303.0,376.90521327014216,247.0,436.0,303.0,687.5397411007732,376.90521327014216,0.7970748669895832,False
BB TIZIMIN/BB PACABTUN,355,311820.0506564813,558.4084980159967,184.0,315.0929577464789,135.0,358.0,184.0,898.7628774604757,315.0929577464789,1.7722024065840514,False
BB TIZIMIN/BB VALLADOLID,277,781952.7003348502,884.2808944757601,106.0,229.0505415162455,72.0,190.0,106.0,1237.879544928973,229.0505415162455,3.8606365591719944,False
BB TULUM/BB CANCUN PLANTA,417,3942667.915997967,1985.6152487322329,208.0,381.4124700239808,162.0,300.0,208.0,2749.587518377258,381.4124700239808,5.205952622910808,False
BB TULUM/BB PACABTUN,20,6226.260526315788,78.90665704689174,264.5,258.45,184.5,324.0,264.5,365.50052102002144,258.45,0.3053072433619336,False
BB TULUM/BB PLAYA DEL CARMEN,59,71584.39392168321,267.55260028951915,120.0,183.05084745762716,88.0,155.5,120.0,462.4673283705845,183.05084745762716,1.4616299460260764,False
BB VALLADOLID/BB CANCUN PLANTA,135,71519.31155334439,267.4309472618014,225.0,302.4962962962963,193.0,303.0,225.0,567.3116124951058,302.4962962962963,0.8840800715121873,False
BB VALLADOLID/BB PACABTUN,506,477743.6180018004,691.1900013757436,192.0,290.6363636363636,154.0,283.0,192.0,1076.7232017609515,290.6363636363636,2.378195187717604,False
BB VALLADOLID/BB TIZIMIN,277,28581.217182022698,169.05980356673405,85.0,137.014440433213,70.0,140.0,85.0,301.3965485654196,137.014440433213,1.2338831077381323,False
BB XPUJIL/BB PACABTUN,124,288491.25491738785,537.113819331981,824.5,938.6935483870968,563.25,1423.0,824.5,1512.0056887449357,938.6935483870968,0.5721929379986395,False
BEBE CANCUN/IEQSA,172,6383318.181150551,2526.5229429297788,3017.0,3438.488372093024,2025.0,4230.0,3017.0,6250.949366950117,3438.488372093024,0.7347772246185822,False
BEBE MERIDA PACABTUN/IEQSA,123,14288556.54778089,3780.020707321706,2940.0,3394.9024390243903,2320.0,3646.5,2940.0,7778.426505371784,3394.9024390243903,1.113440157770186,False
BIDEGA AURRER APLAYA DEL CARMEN /BODEGA AURRERA PLAYA DEL CARMEN NORTE,21,2245.928571428572,47.39122884488829,31.0,58.85714285714285,24.0,90.0,31.0,91.660772921457,58.85714285714285,0.8051907813451895,False
BKHL COMPANIA PROCTER SMO/WM CEDIS CHALCO,55,749.1737373737373,27.371038295500178,0.0,7.218181818181818,0.0,1.0,0.0,35.03492901824023,7.218181818181818,3.7919574464798735,False
BKHL COMPANIA PROCTER VALLEJO/BKHL COMPANIA PROCTER VALLEJO,24,0.9492753623188408,0.9743076322798876,0.0,0.5833333333333334,0.0,1.0,0.0,1.247113769318256,0.5833333333333334,1.6702416553369501,False
BKHL KIMBERLY CLARK (MERIDA)/WM CEDIS MID TEYA,26,81578.74461538461,285.6199303539313,60.0,117.23076923076924,60.0,67.75,60.0,425.5935108530321,117.23076923076924,2.4363904820217233,False
BODEGA ANGELES IZTAPALAPA/WM CEDIS CHALCO,25,142.70999999999998,11.94612908016651,0.0,2.72,0.0,1.0,0.0,15.291045222613134,2.72,4.391959220649452,False
BODEGA AURRERA AV. TRANSISTMICA/SAMS COATZACOALCOS,20,88034.15526315788,296.70550258321447,75.5,152.95,70.0,99.75,75.5,455.2830433065145,152.95,1.9398856004133016,False
BODEGA AURRERA CHAC MOOL 5043/WM CEDIS MID TEYA,20,7721091.713157895,2778.685249026578,360.0,974.35,45.25,435.0,360.0,3916.71711875402,974.35,2.851834811953177,False
BODEGA AURRERA CHETUMAL/WM CEDIS TEYA,163,34184549.08505642,5846.755432293745,360.0,1126.9631901840492,61.0,420.0,360.0,7843.846953335994,1126.9631901840492,5.1880624702026745,False
BODEGA AURRERA IXTEPEC/PENSION SALINAS CRUZ,199,10196251.005329683,3193.156902710809,235.0,489.6834170854272,214.5,255.5,235.0,4322.240835469836,489.6834170854272,6.5208597867502425,False
BODEGA AURRERA JUCHITAN/PENSION SALINAS CRUZ,449,132023994.7293388,11490.169482185143,132.0,740.8819599109131,105.0,165.0,132.0,14839.416937196984,740.8819599109131,15.50877211744604,True
BODEGA AURRERA KALA CAMPECHE/CEDIS PERECEDEROS VHS,26,2359881.3738461547,1536.190539564072,935.5,1348.576923076923,725.0,1099.25,935.5,2901.823890642012,1348.576923076923,1.1391196996453774,False
BODEGA AURRERA MATIAS ROMERO/PENSION SALINAS CRUZ,288,16680.8392857143,129.1543235269896,381.5,391.8958333333333,358.0,432.0,381.5,546.8175341145467,391.8958333333333,0.32956289029267455,False
BODEGA AURRERA NUEVA KUKULCAN/CEDIS PERECEDEROS VHS,27,163974.62678062683,404.93780606486575,1090.0,1173.6296296296296,919.5,1298.0,1090.0,1608.320391763028,1173.6296296296296,0.34503031948218177,False
BODEGA AURRERA PLAYA MAYA 3670/WM CEDIS MID TEYA,55,186903.65993266008,432.3235593079101,361.0,402.45454545454544,300.0,422.0,361.0,914.3741559141248,402.45454545454544,1.074217111449517,False
BODEGA AURRERA PUERTO ESCONDIDO/PENSION SALINAS CRUZ,294,158818430.80389348,12602.318469388618,642.5,1408.4183673469388,611.0,692.75,642.5,16773.46764081743,1408.4183673469388,8.947851548633107,True
BODEGA AURRERA QUETZALCOATL/ WM CEDIS MID TEYA,62,33844851.03358012,5817.6327688829,60.0,1018.1774193548388,26.0,60.0,60.0,7506.569944170112,1018.1774193548388,5.713771154509794,False
BODEGA AURRERA QUETZALCOATL/CEDIS PERECEDEROS VHS,27,73560798.71794872,8576.759220005462,1249.0,2915.222222222222,1123.0,1419.0,1249.0,12227.251801606992,2915.222222222222,2.9420601814250547,False
BODEGA AURRERA SALINA CRUZ/PENSION SALINAS CRUZ,376,191045811.78155327,13821.93227380142,85.0,1057.1143617021276,63.0,102.25,85.0,17777.073310465817,1057.1143617021276,13.075153242214817,True
BODEGA AURRERA TALLERES 1004/WM CEDIS MID TEYA,22,19041.759740259746,137.99188287815969,360.0,325.04545454545456,301.0,375.25,360.0,536.6296100840444,325.04545454545456,0.42453103388610164,False
BODEGA AURRERA TEHUANTEPEC/PENSION SALINAS CRUZ,208,11879.209215904884,108.99178508449565,253.0,247.19230769230768,229.0,270.5,253.0,392.5094849081544,247.19230769230768,0.44091899987504074,False
BODEGA AURRERA TEZIUTLAN/WM CEDIS CHALCO,181,3153.743830570901,56.158203591024005,0.0,14.298342541436464,0.0,1.0,0.0,71.88250059651072,14.298342541436464,3.927602337702993,False
BODEGA CUAUTLA 2/WM CEDIS CHALCO,137,5104.128917990554,71.44318664498773,0.0,23.05839416058394,0.0,1.0,0.0,91.4472789055843,23.05839416058394,3.0983591549108325,False
BODEGA CUAUTZINGO/WM CEDIS CHALCO,21,1453.261904761904,38.12167237624688,1.0,19.80952380952381,0.0,1.0,1.0,49.795740641596005,19.80952380952381,1.9244113459163086,False
BODEGA GLORIETA APIZACO/WM CEDIS CHALCO,70,28633806.96811593,5351.056621651085,0.0,648.4,0.0,1.0,0.0,6849.352475713389,648.4,8.252709163558121,True
"BODEGA HUAMANTLA, MORELOS PONIENTE, HUAMANTLA 90500, 311/CARRETERA FEDERAL MÉXICO CUAUTLA KM 35 SAN GREGORIO COAUTZINGO 56640",42,0.7293844367015098,0.8540400673864837,0.0,0.6190476190476191,0.0,1.0,0.0,1.0931712862546992,0.6190476190476191,1.379603185778166,False
BODEGA IXTAPALUCA 2/WM CEDIS CHALCO,22,73831140.46753247,8592.504900640584,0.0,1849.909090909091,0.0,1.0,0.0,10998.406272819948,1849.909090909091,4.644825490542357,False
BODEGA IZTAPALAPA NORTE/WM CEDIS CHALCO,36,648.9992063492065,25.47546282894987,0.5,9.47222222222222,0.0,1.0,0.5,33.10859242105583,9.47222222222222,2.6894916769565853,False
BODEGA LA PAZ/WM CEDIS CHALCO,20,1128.357894736842,33.59103890529202,0.5,15.6,0.0,1.25,0.5,43.496529798773786,15.6,2.153271724698206,False
BODEGA LAS BRISAS CUAUTLA/WM CEDIS CHALCO,72,27656950.907668237,5258.987631442788,0.0,640.2777777777778,0.0,1.0,0.0,6731.504168246769,640.2777777777778,8.21360324216661,True
BODEGA LOMA FLORIDA/WM CEDIS CHALCO,71,604.199597585513,24.58047187475279,0.0,8.169014084507042,0.0,1.0,0.0,31.46300399968357,8.169014084507042,3.008988798461117,False
BODEGA LOS REYES/WM CEDIS CHALCO,22,779.1363636363635,27.91301423415901,0.0,8.772727272727273,0.0,1.0,0.0,35.728658219723535,8.772727272727273,3.1817943686606123,False
BODEGA MARTINEZ DE LA TORRE/WM CEDIS CHALCO,45,79.41616161616166,8.911574586803482,0.0,1.6444444444444444,0.0,1.0,0.0,11.406815471108455,1.6444444444444444,5.419200762245361,False
BODEGA MB ACATLAN/WM CEDIS CHALCO,55,793.3097643097642,28.165755170237567,0.0,5.636363636363637,0.0,1.0,0.0,36.052166617904085,5.636363636363637,4.9971501108486,False
BODEGA MB ACATZINGO/WM CEDIS CHALCO,78,134.6341991341991,11.603197797771056,0.0,2.833333333333333,0.0,1.0,0.0,14.852093181146952,2.833333333333333,4.095246281566255,False
BODEGA MB AJALPAN/WM CEDIS CHALCO,73,1987.2431506849312,44.578505478368506,0.0,12.917808219178085,0.0,1.0,0.0,57.06048701231169,12.917808219178085,3.4509341462575827,False
BODEGA MB MISANTLA/WM CEDIS CHALCO,30,66372899.48965517,8146.956455613052,0.5,1506.6,0.0,2.0,0.5,10428.604263184709,1506.6,5.407511254223452,False
BODEGA MB TLAPACOYAN/WM CEDIS CHALCO,29,2482.5517241379307,49.82521173199298,0.0,15.137931034482758,0.0,1.0,0.0,63.77627101695101,15.137931034482758,3.291414898013204,False
BODEGA PANTITLAN/WM CEDIS CHALCO,51,468.5066666666669,21.64501482250975,0.0,6.333333333333333,0.0,1.0,0.0,27.70561897281248,6.333333333333333,3.417633919343645,False
BODEGA PLAN DE AYALA/WM CEDIS CHALCO,53,39092.344702467344,197.7178411334378,1.0,28.9622641509434,0.0,1.0,1.0,254.0788366508004,28.9622641509434,6.826739791577981,True
BODEGA PLAZA CHIMALHUACAN/WM CEDIS CHALCO,23,1543.347826086956,39.2854658377237,0.0,14.434782608695652,0.0,1.0,0.0,50.285396272286334,14.434782608695652,2.721583476709774,False
BODEGA PORTAL CHALCO/WM CEDIS CHALCO,31,568.3806451612904,23.84073499624729,0.0,6.225806451612903,0.0,1.0,0.0,30.51614079519653,6.225806451612903,3.8293408543195127,False
BODEGA REAL DE COSTITLAN/WM CEDIS CHALCO,20,81286183.5657895,9015.88506835516,0.0,2016.75,0.0,1.0,0.0,11540.332887494604,2016.75,4.4705020792637455,False
BODEGA SOR JUANA/WM CEDIS CHALCO,30,1085.9954022988504,32.95444434820364,0.0,12.266666666666667,0.0,1.0,0.0,42.181688765700656,12.266666666666667,2.6865036153426876,False
BODEGA TEHUACAN 2/WM CEDIS CHALCO,80,24892790.76819621,4989.267558289113,0.5,574.0625,0.0,1.0,0.5,6386.7624746100655,574.0625,8.691157423258119,True
BODEGA TULYEHUALCO/WM CEDIS CHALCO,43,456.9468438538207,21.37631502045712,0.0,9.651162790697674,0.0,1.0,0.0,27.361683226185114,9.651162790697674,2.2148952912762803,False
BODEGA YAUTEPEC/WM CEDIS CHALCO,58,1364.1297640653352,36.934127362986864,1.0,10.362068965517242,0.0,1.0,1.0,48.275683024623184,10.362068965517242,3.564358381120196,False
BODEGA ZARAGOZA/WM CEDIS CHALCO,30,122.94712643678164,11.08815252586208,0.0,2.466666666666667,0.0,1.0,0.0,14.192835233103462,2.466666666666667,4.495196969944086,False
"CARRETERA FEDERAL MÉXICO CUAUTLA KM 35 SAN GREGORIO COAUTZINGO 56640/BODEGA HUAMANTLA, MORELOS PONIENTE, HUAMANTLA 90500, 311",75,1085.8198198198197,32.95178022231606,0.0,10.133333333333333,0.0,1.0,0.0,42.17827868456456,10.133333333333333,3.251820416675927,False
"CARRETERA FEDERAL MÉXICO CUAUTLA KM 35 SAN GREGORIO COAUTZINGO 56640/BODEGA PORTAL CHALCO, PROLONGACION SAN SEBASTIAN S/N LOTE 2, CHALCO",33,843.3143939393942,29.039875928443536,0.0,7.424242424242424,0.0,0.0,0.0,37.17104118840773,7.424242424242424,3.911493492402599,False
CARRETERA FEDERAL MÉXICO CUAUTLA KM 35 SAN GREGORIO COAUTZINGO 56640/WM CD JARDIN,84,1436.5867756741252,37.90233206115588,0.0,14.94047619047619,0.0,1.0,0.0,48.51498503827953,14.94047619047619,2.5368891578781625,False
"CARRETERA FEDERAL MÉXICO CUAUTLA KM 35 SAN GREGORIO COAUTZINGO 56640/WM REFORMA SUR, BOULEVARD JOSE MA. MORELOS Y PAVON NO, PUEBLA 72160",89,22378999.23927477,4730.644695945233,1.0,514.2584269662922,0.0,1.0,1.0,6056.225210809898,514.2584269662922,9.198963882521483,True
CEDIS FRIALSA AGS/CEDIS FRIALSA CULIACAN,35,4211235.005042017,2052.129383114529,736.0,1646.6285714285714,0.5,2945.0,736.0,3362.725610386597,1646.6285714285714,1.2462612508503699,False
CEDIS FRIALSA AGS/CEDIS WM MTY - LAREDO,44,6942130.517441862,2634.7923101151373,2.0,1524.25,1.0,1848.0,2.0,3374.534156947376,1524.25,1.7285827850517548,False
CEDIS FRIALSA CULIACAN/CEDIS WM MTY - LAREDO,174,3456715.9786392907,1859.2245638005352,1.0,1293.2701149425288,0.0,2163.5,1.0,2380.807441664685,1293.2701149425288,1.4376150367343459,False
CEDIS FRIALSA GDL/CESIS WM MTY - LAREDO,39,2973226.692307693,1724.304698221197,0.0,808.3076923076923,0.0,645.0,0.0,2207.1100137231324,808.3076923076923,2.1332281192306395,False
CEDIS JDV CONVENTO/PROPIMEX ACAPULCO,21,8444898.147619046,2906.0106929636454,4321.0,4634.047619047619,2225.0,5760.0,4321.0,8040.693686993466,4634.047619047619,0.6270998772258803,False
CEDIS PERECEDEROS VHS/AURRERA ITZAES MERIDA,55,50383.50639730641,224.46270602776403,988.0,1005.1090909090908,876.0,1072.5,988.0,1275.312263715538,1005.1090909090908,0.2233217349817663,False
CEDIS PERECEDEROS VHS/AURRERA JUAN PABLO II MERIDA,31,11319.729032258068,106.39421521989844,1003.0,999.0645161290324,930.0,1061.0,1003.0,1139.18459548147,999.0645161290324,0.10649383848816155,False
CEDIS PERECEDEROS VHS/BODEGA AURRERA AV. TRANSISTMICA,22,102003.68831168833,319.38016267715864,218.0,294.45454545454544,180.25,257.75,218.0,626.806608226763,294.45454545454544,1.0846501356742035,False
CEDIS PERECEDEROS VHS/BODEGA AURRERA TALLERES 1004,24,147577.1014492754,384.1576518166408,1232.5,1201.6666666666667,1155.25,1310.25,1232.5,1724.2217943253002,1201.6666666666667,0.31968736628291883,False
CEDIS PERECEDEROS VHS/FRIALSA FRIGORIFICO CANCUN,57,32834431.71679197,5730.133656101921,1157.0,1897.877192982456,1020.0,1261.0,1157.0,8491.57107981046,1897.877192982456,3.0192331080691215,False
CEDIS PERECEDEROS VHS/SAMS CLUB AVIACIÓN MERIDA,38,48674.14224751066,220.62217079774797,923.0,939.421052631579,837.5,1052.0,923.0,1205.3963786211175,939.421052631579,0.23484908090969867,False
CEDIS PERECEDEROS VHS/SAMS CLUB CARRIZAL TABASCO,24,5726.461956521739,75.67339001605346,41.0,63.875,33.75,61.25,41.0,137.86193922054844,63.875,1.1847106069049465,False
CEDIS PERECEDEROS VHS/SAMS MERIDA,30,61144.740229885065,247.2746251233334,1086.5,1102.8666666666666,901.0,1268.75,1086.5,1403.0115201578667,1102.8666666666666,0.22421080679743707,False
CEDIS PERECEDEROS VHS/SUPER CENTER MERIDA CAMPESTRE,29,25327.84975369458,159.1472580778399,945.0,974.2758620689656,873.0,1030.0,945.0,1148.708490339635,974.2758620689656,0.16334927742115654,False
CEDIS PERECEDEROS VHS/SUPER CENTER MERIDA PERIFERICO,27,631141.1823361822,794.4439453707116,891.0,1074.4814814814815,820.5,987.5,891.0,1907.8882500745108,1074.4814814814815,0.739374255455145,False
CEDIS PERECEDEROS VHS/WM CEDIS VILLAHERMOSA SECOS,83,528.740229209521,22.99435211545481,1.0,5.0602409638554215,1.0,5.0,1.0,30.43277070778215,5.0602409638554215,4.544121965673212,False
CEDIS PERECEDEROS VHS/WM PASEO DE LA FUENTES,35,16349.240336134462,127.864147970158,1177.0,1172.3714285714286,1101.0,1243.5,1177.0,1340.6661094018025,1172.3714285714286,0.10906453778557575,False
CEDIS WALMART /FRIALSA SANTA ROSA,63,1312410.4101382487,1145.6048228504665,1.0,536.2380952380952,0.0,434.5,1.0,1467.3741732485971,536.2380952380952,2.1363734375153003,False
CEDIS WALMART CHALCO/BODEGA AURRERA TEZIUTLAN,278,6711280.456081349,2590.613914901514,0.0,169.56474820143885,0.0,1.0,0.0,3315.985811073938,169.56474820143885,15.27802177268548,True
CEDIS WALMART CHALCO/SAMS CLUB ACOXPA,112,22422.412403474893,149.74115133614706,0.0,37.455357142857146,0.0,1.0,0.0,191.66867371026825,37.455357142857146,3.997856722204641,False
CEDIS WM GUADALAJARA/WM CEDIS MEGAPARK IDC,70,26318696.34037267,5130.175078920082,765.5,1532.4857142857145,623.0,1040.0,765.5,7332.1241010177055,1532.4857142857145,3.347616901806642,False
CEDIS WM MEGAPARK/CEDIS WM CHALCO,159,14092944001854.172,3754057.0056745503,141.0,298166.9748427673,120.0,178.5,141.0,4805333.967263425,298166.9748427673,12.590452070200536,True
CEDIS WM MID TEYA/BODEGA AURRERA NICHUPTE,20,372516.0289473685,610.3409120707611,360.0,450.15,305.75,420.0,360.0,1141.236367450574,450.15,1.3558611842069557,False
CEDIS WM MTY - LAREDO/CEDIS FRIALSA AGS,76,4415817.734736842,2101.3847184028064,2826.0,3051.842105263158,1672.5,4084.0,2826.0,5515.772439555592,3051.842105263158,0.6885627256989449,False
CEDIS WM MTY - LAREDO/CEDIS FRIALSA CULIACAN,147,5466822.435374151,2338.1236997588794,3078.0,3278.9455782312925,1736.0,4775.0,3078.0,6070.7983356913655,3278.9455782312925,0.7130718226253986,False
CEDIS WM MTY - LAREDO/CEDIS FRIALSA GDL,28,14545459.74074074,3813.851038090075,2297.5,3013.5,0.75,3969.5,2297.5,7179.229328755296,3013.5,1.2655885309739754,False
CHEDRAUI CANCUN MUNDO MAYA/BB CANCUN PLANTA,126,9259771.222412698,3042.9872202184315,30.0,390.9603174603175,30.0,60.0,30.0,3925.023641879593,390.9603174603175,7.783365943596807,True
CHIMALHUACAN PEÑON/WM CEDIS CHALCO,37,283233.32132132136,532.1966942036763,1.0,122.10810810810813,0.0,1.0,1.0,682.2117685807057,122.10810810810813,4.358405862225768,False
CITY CLUB/BB CANCUN PLANTA,69,32435.708866155157,180.09916397961194,44.0,87.6231884057971,35.0,61.0,44.0,274.5269298939033,87.6231884057971,2.055382453621109,False
COMERCIALIZADORA EL ORO/WM CEDIS CHALCO,52,143182.71907993965,378.3949247544682,1.0,62.21153846153846,0.0,1.0,1.0,485.34550368571934,62.21153846153846,6.082391371632874,False
CONSERVAS LA COSTENA/WM CEDIS CHALCO,37,65757.45195195195,256.43215857601,0.0,47.78378378378378,0.0,1.0,0.0,328.2331629772928,47.78378378378378,5.366510105945911,False
COSTCO/BB CANCUN PLANTA,48,4594.740691489362,67.78451660585448,48.5,71.0625,34.25,67.5,48.5,135.26418125549372,71.0625,0.9538718255881017,False
DESCONSOLIDADOR GAL MERIDA/SUPERCENTER PERIFERICO,21,138.1571428571429,11.754026665664108,28.0,31.571428571428573,24.0,34.0,28.0,43.04515413205006,31.571428571428573,0.3722994871477319,False
DESCONSOLIDADOR GAL MERIDA/WM CEDIS PERECEDERO VHSA,89,1011115.5589887642,1005.5424202830848,969.0,1189.314606741573,836.0,1248.0,969.0,2256.0942979623487,1189.314606741573,0.8454805941028687,False
DIST ARCACONTAL MONTERREY/IEQSA,35,35378613.10588235,5947.992359265632,900.0,2144.2,588.0,1680.0,900.0,8513.430219860009,2144.2,2.773991399713475,False
DÍAZ COVARRUBIAS GRANJAS - CARRETERA FEDERAL MÉXICO CUAUTLA KM 35 SAN /WM MIRAMONTES,24,1758.5054347826087,41.934537493367074,1.0,20.375,0.0,1.0,1.0,54.676207991509855,20.375,2.0581368094904087,False
EMBE PLAYA DEL CARMEN/IEQSA,59,1330624.5961426056,1153.5270244526591,3060.0,3166.084745762712,2428.5,3569.5,3060.0,4536.514591299404,3166.084745762712,0.36433864443978226,False
EMBOTELLADORA NIAGARA DE MEXICO/CEDIS WALMART TEYA,21,93539863.76190476,9671.600889299803,2130.0,4081.4761904761904,1441.0,2881.0,2130.0,14509.649138303748,4081.4761904761904,2.3696330538121813,False
EMBOTELLADORA NIAGARA DE MEXICO/WM CEDIS MID TEYA,37,4320187.659159158,2078.5061123699297,2881.0,3186.297297297297,2305.0,3230.0,2881.0,5541.4878238335095,3186.297297297297,0.6523264838259049,False
FABRICA DE JABON LA CORONA/WM CEDIS CHALCO,882,118862.6925558722,344.7646915736474,1.0,22.34807256235828,0.0,1.0,1.0,442.2988052142687,22.34807256235828,15.4270436795676,True
FRABEL SMO/WM CEDIS CHALCO,80,8311.959493670887,91.16994841322928,1.0,25.2,0.0,1.0,1.0,117.69753396893348,25.2,3.617855095763067,False
FRABEL SMO/WM CEDIS MID TEYA,23,689833.2015810276,830.5619793736212,2760.0,2582.7391304347825,2194.5,2881.0,2760.0,3823.1193335982352,2582.7391304347825,0.3215818313148038,False
FRIALSA FRIGORIFICO CANCUN/WM CEDIS PERECEDERO VHSA,119,227020.6873664721,476.4668796112402,1450.0,1517.3025210084031,1268.5,1696.5,1450.0,2059.877605902388,1517.3025210084031,0.3140223343823215,False
GRAND PALACE/BB CANCUN PLANTA,66,31448.2564102564,177.33656253084527,45.0,76.66666666666667,36.0,60.0,45.0,271.99080003948194,76.66666666666667,2.3130855982284166,False
HENKEL/WM CEDIS MID TEYA,30,2197370.0505747125,1482.3528765360536,2101.5,2116.133333333333,1140.0,2882.5,2101.5,3998.911681966149,2116.133333333333,0.7005006977518998,False
IEQSA/BEBE CANCUN,151,1980206.4302869749,1407.1980778436896,3060.0,3226.41059602649,2474.5,3870.0,3060.0,4861.213539639923,3226.41059602649,0.43614971993234053,False
IEQSA/BEBE MERIDA PACABTUN,96,22325304.96798245,4724.966134056672,3092.5,3618.3541666666665,2362.5,3759.0,3092.5,9140.45665159254,3618.3541666666665,1.3058329606273584,False
IEQSA/DIST ARCACONTAL MONTERREY,27,827956.4102564103,909.9211011161408,1440.0,1651.111111111111,1060.0,2040.0,1440.0,2604.69900942866,1651.111111111111,0.5510962254404621,False
IEQSA/EMBE PLAYA DEL CARMEN,59,1442568.1507890124,1201.069586156028,3074.0,3156.491525423729,2670.0,3695.0,3074.0,4611.369070279716,3156.491525423729,0.3805077810227277,False
IEQSA/PROPIMEX MINATITLAN,32,431151.7903225806,656.6214970000453,1725.0,1864.625,1455.0,2347.5,1725.0,2565.475516160058,1864.625,0.35214667667764044,False
IEQSA/PROPIMEX TUXTLA,42,893735.4175377466,945.375807569533,2308.5,2109.595238095238,1535.0,2775.0,2308.5,3518.581033689002,2109.595238095238,0.44813137160051447,False
KIMBERLY CLARK ECATEPEC/WM CEDIS CHALCO,118,16927529.10850354,4114.307852908377,0.0,386.9491525423729,0.0,1.0,0.0,5266.314051722722,386.9491525423729,10.632683456924847,True
KIMBERLY TEPOTZOTLAN/WM CEDIS CHALCO,52,346.2062594268477,18.606618699453367,0.0,4.403846153846154,0.0,1.0,0.0,23.81647193530031,4.403846153846154,4.225083722146616,False
KIMBERLY TLAXCALA/WM CEDIS CHALCO,23,70680482.6007905,8407.168524586057,0.0,1753.6521739130435,0.0,1.0,0.0,10761.175711470154,1753.6521739130435,4.7940912397847795,False
"MEGA EMPACK,QUERETARO/LA MADRILEÑA, SAN JUAN DEL RIO",129,153298.8609496124,391.53398441209725,360.0,418.4806201550388,240.0,360.0,360.0,861.1635000474845,418.4806201550388,0.9356084022888362,False
MEGA EMPACK/BB CANCUN PLANTA,140,304153.9183453238,551.50151255035,447.5,519.05,375.0,530.75,447.5,1153.421936064448,519.05,1.062520975918216,False
MEGA EMPACK/BB CHETUMAL,20,136196.0,369.04742242698296,553.5,580.0,483.25,617.5,553.5,1025.8807007065382,580.0,0.6362886593568672,False
MEGA EMPACK/BB PACABTUN,23,1469054.1581027666,1212.0454439099085,90.0,351.60869565217394,82.5,117.5,90.0,1641.4181682046826,351.60869565217394,3.447142971426721,False
MEGA EMPACK/BB PLAYA DEL CARMEN,41,47706.65121951218,218.41852306869987,425.0,469.2682926829268,348.0,502.0,425.0,704.5757095279358,469.2682926829268,0.46544487764120035,False
MEGA EMPACK/BB PONIENTE,78,4443.53846153846,66.65987144855937,57.5,61.61538461538461,30.0,65.75,57.5,142.824635454156,61.61538461538461,1.081870572823061,False
MERA/BB CANCUN PLANTA,110,174784.48874061715,418.0723486917272,50.5,111.45454545454544,36.5,65.5,50.5,585.6326063254108,111.45454545454544,3.751056962160685,False
MEXIQUENSE PARK UNILEVER/WM CEDIS MID TEYA,73,1210173.0738203947,1100.0786671054009,2184.0,2055.8082191780823,1443.0,2881.0,2184.0,3592.100693894913,2055.8082191780823,0.5351076315597256,False
PATIO HUB MORELOS/WM CEDIS CHALCO,32,1386.442540322581,37.23496394952708,1.0,28.59375,0.0,60.0,1.0,48.66075385539466,28.59375,1.3022063894916573,False
PATIO MAVERICK/WM CEDIS CHALCO,59,38041.065458796016,195.0411891339776,0.0,49.3728813559322,0.0,1.0,0.0,249.6527220914913,49.3728813559322,3.9503708063524474,False
PATIO TIP PERAL/WM CEDIS CHALCO,52,4145.518476621418,64.38570087077889,60.0,84.67307692307692,60.0,120.0,60.0,142.41369711459697,84.67307692307692,0.7604034624756989,False
PENSION SALINAS CRUZ/BODEGA AURRERA IXTEPEC,199,4748.565605806811,68.90983678551859,60.0,72.89949748743719,60.0,72.0,60.0,148.2045910854638,72.89949748743719,0.9452717667552354,False
PENSION SALINAS CRUZ/BODEGA AURRERA JUCHITAN,442,260066380.60295445,16126.573740350255,60.0,1151.0837104072398,60.0,62.0,60.0,20702.014387648327,1151.0837104072398,14.00990526974347,True
PENSION SALINAS CRUZ/BODEGA AURRERA MATIAS ROMERO,289,235064323.82384196,15331.80758501234,140.0,1064.7820069204151,130.0,150.0,140.0,19764.7137088158,1064.7820069204151,14.399010769683567,True
PENSION SALINAS CRUZ/BODEGA AURRERA PUERTO ESCONDIDO,294,231193187.06345335,15205.038213153342,358.0,1286.8775510204082,334.0,372.0,358.0,19820.44891283628,1286.8775510204082,11.815450662805299,True
PENSION SALINAS CRUZ/BODEGA AURRERA SALINA CRUZ,374,251533605.45818672,15859.811015840847,18.0,1266.0160427807486,15.0,19.0,18.0,20318.55810027629,1266.0160427807486,12.5273381062419,True
PENSION SALINAS CRUZ/BODEGA AURRERA TEHUANTEPEC,210,9489442.3881522,3080.493854587637,32.0,252.24761904761905,31.0,35.0,32.0,3975.032133872176,252.24761904761905,12.212182086071959,True
PENSION SALINAS CRUZ/SAMS SALINA CRUZ,557,376200655.5264324,19395.89274888971,18.0,1508.023339317774,15.0,19.0,18.0,24844.74271857883,1508.023339317774,12.861798782016441,True
PENSION SALINAS CRUZ/SUPER CENTER SALINA CRUZ,306,6511246.811111108,2551.714484637948,18.0,167.27777777777777,15.0,19.0,18.0,3284.194540336573,167.27777777777777,15.254354275484246,True
PENSION SALINAS CRUZ/WM CEDIS VILLAHERMOSA SECOS,1372,8253778.0317206895,2872.9389188983278,768.5,1020.387026239067,593.75,1002.5,768.5,4445.861816189859,1020.387026239067,2.8155384623885107,False
PENSION TUXTEPEC/WM SANTA FE,84,550666.0830464716,742.0687859265282,437.0,706.4642857142857,37.75,1440.0,437.0,1386.848045985956,706.4642857142857,1.0503981601507908,False
PEPSICO SMO/WM CEDIS CHALCO,68,952.7118086040388,30.86603001041823,1.0,9.720588235294118,0.0,1.0,1.0,40.50851841333533,9.720588235294118,3.1753253263365195,False
PROPIMEX MINATITLAN/IEQSA,32,1010189.3830645162,1005.0817792918724,1770.0,2000.1875,1365.0,2392.75,1770.0,3056.504677493597,2000.1875,0.5024937808539811,False
PROPIMEX TUXTLA/IEQSA,42,39020386.19802555,6246.629987283187,2166.0,3191.7380952380954,1352.5,3003.75,2166.0,10161.68638372248,3191.7380952380954,1.9571248645378607,False
RETORNO BB PACABTUN/BB CANCUN PLANTA,52,35766682.74622926,5980.525290158822,369.0,1246.8653846153843,298.75,443.0,369.0,8024.072371403292,1246.8653846153843,4.796448248504077,False
SAMS AVENIDA AVIACION/WM CEDIS MID TEYA,27,3769296.908831909,1941.46772026524,60.0,426.2962962962963,60.0,60.0,60.0,2545.0786819395075,426.2962962962963,4.554268327294655,False
SAMS AVIACIÓN /SAMS CLUB MERIDA ORIENTE,21,13979306.86190476,3738.891127313653,63.0,1232.809523809524,55.0,68.0,63.0,4848.780642961477,1232.809523809524,3.0328214173427597,False
SAMS CANCUN 6578/WM CEDIS MID TEYA,111,41161.62817362816,202.88328707320412,360.0,335.0900900900901,300.0,420.0,360.0,619.6906074537013,335.0900900900901,0.6054589290260964,False
SAMS CANCUN CUMBRES/WM CEDIS MID TEYA,24,103068.95652173906,321.0435430307532,358.5,385.5,300.0,397.5,358.5,769.4357350793641,385.5,0.8327977769928747,False
SAMS CLUB ACOXPA/FABRICA DE JABON LA CORONA,21,174.6904761904762,13.217052477404945,1.0,3.9047619047619047,0.0,1.0,1.0,17.91782717107833,3.9047619047619047,3.384854902750047,False
SAMS CLUB ACOXPA/WM CEDIS CHALCO,47,12277.613320999071,110.8043921557222,0.0,22.680851063829788,0.0,1.0,0.0,141.82962195932444,22.680851063829788,4.885371886790753,False
SAMS CLUB CD JARDIN/FABRICA DE JABON LA CORONA,23,86636160.6798419,9307.854783989806,0.0,1943.9565217391305,0.0,1.0,0.0,11914.054123506952,1943.9565217391305,4.788098231570878,False
SAMS CLUB CD JARDIN/WM CEDIS CHALCO,56,35572152.36753248,5964.239462624927,0.0,805.3214285714286,0.0,1.0,0.0,7634.226512159907,805.3214285714286,7.406035964055965,True
SAMS CLUB CHETUMAL/WM CEDIS MID TEYA,123,126034.0385179261,355.01273007869185,360.0,375.520325203252,241.0,477.0,360.0,814.4162945007256,375.520325203252,0.9453888544822165,False
SAMS CLUB COATZACOALCOS/WM COATZACOALCOS,20,2292.884210526316,47.88407053004492,6.0,19.6,5.0,8.0,6.0,67.29161027845748,19.6,2.4430648229614755,False
SAMS CLUB CUAUTLA/WM CEDIS CHALCO,227,8220683.505750267,2867.1734348919786,0.0,206.1718061674009,0.0,1.0,0.0,3669.981996661733,206.1718061674009,13.9067192948971,True
SAMS CLUB CUEMANCO/WM CEDIS CHALCO,34,533.4732620320856,23.097040114094398,0.0,6.735294117647059,0.0,1.0,0.0,29.564211346040825,6.735294117647059,3.4292548641013516,False
SAMS CLUB EL MOLINITO/WM CEDIS CHALCO,184,205408.9985447852,453.22069518589416,0.0,49.03804347826087,0.0,1.0,0.0,580.1224898379445,49.03804347826087,9.2422263010312,True
SAMS CLUB HIPERPLAZA TEXCOCO/WM CEDIS CHALCO,48,5602.3506205673775,74.84885183199124,0.0,17.104166666666668,0.0,1.0,0.0,95.80653034494878,17.104166666666668,4.376059546815566,False
SAMS CLUB IXTAPALUCA/WM CEDIS CHALCO,60,295.6598870056497,17.19476335997823,0.0,3.633333333333333,0.0,1.0,0.0,22.00929710077213,3.633333333333333,4.7325036770582285,False
SAMS CLUB MERIDA ORIENTE/WM CEDIS MID TEYA,155,12572833.54729786,3545.8191644946955,60.0,455.5548387096774,35.0,60.0,60.0,4598.648530553211,455.5548387096774,7.783517730901386,True
SAMS CLUB MERIDA ORIENTE/WM CEDIS PERECEDERO VHSA,33,97773128174148.5,9888029.539506266,1193.0,1722570.9393939397,1011.0,1515.0,1193.0,12657870.81056802,1722570.9393939397,5.740274210701139,False
SAMS CLUB PLAZA ORIENTE/FABRICA DE JABON LA CORONA,21,71.0142857142857,8.426997431724168,0.0,2.2857142857142856,0.0,1.0,0.0,10.786556712606934,2.2857142857142856,3.6868113763793233,False
SAMS CLUB PLAZA ORIENTE/WM CEDIS CHALCO,21,934.2619047619048,30.56569817232881,0.0,11.80952380952381,0.0,1.0,0.0,39.12409366058088,11.80952380952381,2.5882244420117133,False
SAMS CLUB TEHUACAN/WM CEDIS CHALCO,127,1276.1723534558184,35.72355460275221,0.0,9.952755905511813,0.0,1.0,0.0,45.72614989152283,9.952755905511813,3.589312843789185,False
SAMS CLUB ZARAGOZA/WM CEDIS CHALCO,38,52434506.67709816,7241.167494064624,0.5,1177.157894736842,0.0,1.0,0.5,9269.19439240272,1177.157894736842,6.1513986581073,False
SAMS CUMBRES/BB CANCUN PLANTA,50,8680.950612244897,93.1716191350397,47.5,90.78,33.5,106.25,47.5,166.75967249285085,90.78,1.026345220698829,False
SAMS KABAH/BB CANCUN PLANTA,52,3311.5818250377065,57.5463450189298,40.5,68.71153846153847,30.0,93.75,40.5,114.15932162423016,68.71153846153847,0.8375062807121044,False
SAMS MERIDA/SAMS AVIACIÓN,22,680.8484848484848,26.093073503297475,49.0,52.09090909090909,43.5,54.5,49.0,82.39913408422078,52.09090909090909,0.5009141510231627,False
SAMS MERIDA/WM CEDIS MID TEYA,56,46075.77662337663,214.65268836745705,60.0,83.92857142857143,2.0,60.0,60.0,334.75544111034503,83.92857142857143,2.557563946505871,False
SAMS SALINA CRUZ/PENSION SALINAS CRUZ,566,122933693.09344256,11087.546757215618,85.0,667.1342756183745,51.0,125.75,85.0,14277.059849235991,667.1342756183745,16.619662881117062,True
SAMS/BB CANCUN,99,532985.124304267,730.0583019898253,50.0,211.42424242424244,35.0,96.5,50.0,984.4746265469764,211.42424242424244,3.4530491566094645,False
SAM´S CLUB CANCUN KABA/WM CEDIS MID TEYA,24,4256521.476449275,2063.133896878551,364.5,726.2083333333334,285.5,420.0,364.5,3005.3113880045453,726.2083333333334,2.8409669817594363,False
SMURFFIT KAPPA/EMBOTELLADORA NIAGARA DE MEXICO,45,48297068.56363636,6949.609238197235,180.0,1653.7333333333331,180.0,300.0,180.0,9075.49982489246,1653.7333333333331,4.202375980527233,False
SMURFFIT KAPPA/MEXIQUENSE PARK UNILEVER,30,66110617.14482759,8130.843569078647,180.0,1904.6,124.0,406.0,180.0,10587.47976842067,1904.6,4.269055743504488,False
SUPER AKI/BB CANCUN PLANTA,64,61255.460069444445,247.4984041755511,40.0,95.484375,30.0,68.5,40.0,356.7979573447054,95.484375,2.5920304151915023,False
SUPER CENTER ALTA BRISA/SUPER CENTER PENSIONES,21,248.4142857142857,15.761163843900796,39.0,45.71428571428572,35.0,52.0,39.0,59.174289720193016,45.71428571428572,0.34477545908532986,False
SUPER CENTER MERIDA CAMPESTRE/SUPER CENTER MERIDA NORTE,21,1674.9571428571428,40.9262402726801,23.0,34.42857142857143,17.0,29.0,23.0,75.38558754903053,34.42857142857143,1.1887289705757704,False
SUPER CENTER PENSIONES/SUPER CENTER POLIGONO,29,68801445.43596056,8294.663672263063,40.0,1585.3103448275865,35.0,44.0,40.0,10657.16950049672,1585.3103448275865,5.232201820499169,False
SUPER CENTER PERIFERICO /SUPER CENTER MERIDA CAMPESTRE,20,10309.607894736842,101.53623931748132,36.0,65.85,32.5,39.25,36.0,165.9663863263761,65.85,1.5419322599465652,False
SUPER CENTER POLIGONO/WM CEDIS PERECEDERO VHSA,74,126706.02758237692,355.95790141866064,1070.5,1162.418918918919,957.0,1317.0,1070.5,1526.1261138158857,1162.418918918919,0.3062217034025144,False
SUPER CENTER SALINA CRUZ/PENSION SALINAS CRUZ,309,153057581.48444918,12371.64425145054,83.0,796.5113268608415,64.0,99.0,83.0,15918.704641856692,796.5113268608415,15.532289164309638,True
TULUM/BB PLAYA DEL CARMEN,272,406813123266.42255,637819.0364565976,120.0,38874.205882352944,95.0,181.75,120.0,816528.366664445,38874.205882352944,16.40725571055684,True
UNILEVER DE MEXICO/WM CEDIS CHALCO,83,19590933.84425507,4426.16468788217,1.0,512.9036144578313,0.0,1.0,1.0,5666.490800489178,512.9036144578313,8.62962272660309,True
"WALMART REFORMA, AV, PROL. REFORMA SUR 3117, LA PAZ, 72160 HEROICA PUE/CEDIS WALMART CHALCO, CARRETERA FEDERAL MÉXICO-CUAUTLA KM 35 SAN GREGO",55,22921.64781144781,151.39896899070288,0.0,29.01818181818182,0.0,1.0,0.0,193.7906803080997,29.01818181818182,5.217383016596903,False
WM AEROPUERTO/WM CEDIS CHALCO,22,447.4653679653678,21.15337722363424,0.0,8.681818181818182,0.0,1.0,0.0,27.076322846251827,8.681818181818182,2.436514654031169,False
WM AGUSTIN LARA/WM CEDIS CHALCO,140,11467.755190133612,107.08760521243164,0.0,16.585714285714285,0.0,1.0,0.0,137.0721346719125,16.585714285714285,6.456617024005353,False
WM ARCOS TLACHICHUCA/WM CEDIS CHALCO,28,0.3002645502645503,0.5479640045336466,0.0,0.3214285714285714,0.0,1.0,0.0,0.7013939258030676,0.3214285714285714,1.7047769029935673,False
WM BODEGA REMOTA AYOTLA/WM CEDIS CHALCO,128,151295.23320620085,388.9668793177651,60.0,104.9453125,60.0,61.0,60.0,557.8776055267394,104.9453125,3.70637687431504,False
WM BODEGA REMOTA CHALCO/WM CEDIS CHALCO,1606,2358308.2787335664,1535.6784424916457,0.0,83.24782067247821,0.0,1.0,0.0,1965.6684063893065,83.24782067247821,18.447070807216242,True
WM CANAL 13/WM CEDIS MID TEYA,118,17737008.23120382,4211.532765063549,60.0,578.6440677966102,50.5,61.0,60.0,5450.761939281343,578.6440677966102,7.278278650812811,True
WM CANCUN COMANCALCO/WM CEDIS MID TEYA,257,7611480.428714739,2758.891159273004,360.0,538.0311284046693,293.0,420.0,360.0,3891.380683869445,538.0311284046693,5.127753792709852,False
WM CANCUN LABNA/WM CEDIS MID TEYA,49,74183297.3792517,8612.97262153153,362.0,2086.469387755102,300.0,420.0,362.0,11386.60495556036,2086.469387755102,4.1280129351902435,False
WM CANCUN POLIGONO SUR/WM CEDIS MID TEYA,33,60483255.55871213,7777.09814511249,360.0,1628.939393939394,60.0,390.0,360.0,10314.685625743989,1628.939393939394,4.774332411658676,False
WM CD JARDIN/WM CEDIS CHALCO,37,547.951951951952,23.40837354349832,1.0,7.216216216216216,0.0,1.0,1.0,30.962718135677846,7.216216216216216,3.2438570079005165,False
WM CEDIS CHALCO/ WM CEDIS MEGAPARK,154,792201324151.5117,890056.9218603447,143.5,72208.31818181818,120.0,189.5,143.5,1139416.3599812412,72208.31818181818,12.326238088238124,True
WM CEDIS CHALCO/ALPURA - PGL,41,18124.509756097563,134.6272994459057,1.0,37.1219512195122,0.0,2.0,1.0,173.3229432907593,37.1219512195122,3.626622389804292,False
WM CEDIS CHALCO/BA TLAPA GRO,57,12647.03571428571,112.45904016256634,1.0,53.0,0.0,61.0,1.0,144.9475714080849,53.0,2.1218686823125723,False
WM CEDIS CHALCO/BKHL COMPANIA PROCTER SMO,39,1362.9676113360324,36.91839123439742,0.0,13.923076923076923,0.0,1.0,0.0,47.255540780028696,13.923076923076923,2.6515971604815824,False
WM CEDIS CHALCO/BODEGA ANGELES IZTAPALAPA,73,12949.777397260275,113.79708870292016,1.0,38.43835616438356,0.0,2.0,1.0,146.6602735397378,38.43835616438356,2.9605087224922206,False
WM CEDIS CHALCO/BODEGA ARCA DE NOE,27,752.0256410256409,27.423085913617395,0.0,9.22222222222222,0.0,1.0,0.0,35.101549969430266,9.22222222222222,2.9735876291874295,False
WM CEDIS CHALCO/BODEGA AYOTLA,36,1502.1357142857144,38.757395607621966,0.5,23.58333333333333,0.0,55.0,0.5,50.10946637775612,23.58333333333333,1.6434231353055253,False
WM CEDIS CHALCO/BODEGA CHIMALHUACAN,31,1354.9827956989243,36.81009094934328,1.0,14.129032258064516,0.0,1.0,1.0,48.1169164151594,14.129032258064516,2.605280409656716,False
WM CEDIS CHALCO/BODEGA CUAUTLA 2,239,6817588.024331074,2611.0511339939467,0.0,200.92887029288704,0.0,1.0,0.0,3342.145451512252,200.92887029288704,12.994902774239998,True
WM CEDIS CHALCO/BODEGA CUAUTZINGO,28,1876.7195767195776,43.32112160043386,1.0,19.857142857142858,0.0,1.25,1.0,56.45103564855535,19.857142857142858,2.181639217288036,False
WM CEDIS CHALCO/BODEGA GLORIETA APIZACO,107,2677.160994533593,51.74128906911378,0.0,17.906542056074766,0.0,1.0,0.0,66.22885000846564,17.906542056074766,2.8895187528158535,False
WM CEDIS CHALCO/BODEGA IXTAPALUCA 2,21,5074.090476190476,71.23265035214172,1.0,31.09523809523809,0.0,1.0,1.0,92.1777924507414,31.09523809523809,2.290789674418034,False
WM CEDIS CHALCO/BODEGA IZTAPALAPA NORTE,77,1978.3431305536567,44.478569340230095,1.0,21.194805194805195,0.0,1.0,1.0,57.93256875549452,21.194805194805195,2.0985599504887973,False
WM CEDIS CHALCO/BODEGA LA PAZ,36,10693.437301587304,103.40907746221946,0.0,39.138888888888886,0.0,16.5,0.0,132.3636191516409,39.138888888888886,2.642105598750817,False
WM CEDIS CHALCO/BODEGA LA VIRGEN,42,1412.156213704994,37.57866700276893,0.0,15.547619047619047,0.0,1.75,0.0,48.10069376354422,15.547619047619047,2.417004615798308,False
WM CEDIS CHALCO/BODEGA LAS BRISAS CUAUTLA,118,1862.774518325366,43.15987162081655,0.0,15.296610169491526,0.0,1.0,0.0,55.24463567464519,15.296610169491526,2.8215317735492262,False
WM CEDIS CHALCO/BODEGA LOMA FLORIDA,97,2276.6685996563588,47.71444854188675,0.0,14.474226804123711,0.0,1.0,0.0,61.07449413361505,14.474226804123711,3.2965110459850533,False
WM CEDIS CHALCO/BODEGA LOS REYES,43,2189.3023255813955,46.78998103848083,0.0,22.46511627906977,0.0,1.5,0.0,59.891175729255465,22.46511627906977,2.082783835046248,False
WM CEDIS CHALCO/BODEGA MARTINEZ DE LA TORRE,79,1223.9013307367732,34.98430120406542,0.0,5.708860759493671,0.0,1.0,0.0,44.77990554120373,5.708860759493671,6.1280704991600174,False
WM CEDIS CHALCO/BODEGA MB ACATLAN,93,35668.95535296867,188.86226556135736,0.0,43.81720430107527,0.0,1.0,0.0,241.74369991853743,43.81720430107527,4.31023084594018,False
WM CEDIS CHALCO/BODEGA MB ACATZINGO,117,2234.980106100796,47.275576211198064,0.0,15.051282051282053,0.0,1.0,0.0,60.512737550333526,15.051282051282053,3.140966732941609,False
WM CEDIS CHALCO/BODEGA MB AJALPAN,102,3197.1233741021147,56.54311075720998,0.0,18.81372549019608,0.0,1.0,0.0,72.37518176922877,18.81372549019608,3.005418080893912,False
WM CEDIS CHALCO/BODEGA MB MISANTLA,47,2295.209065679926,47.90834025177585,1.0,15.5531914893617,0.0,1.0,1.0,62.32267552227309,15.5531914893617,3.08029000250816,False
WM CEDIS CHALCO/BODEGA MB TLAPACOYAN,45,3665.2707070707065,60.54147922763951,0.0,25.844444444444445,0.0,1.0,0.0,77.49309341137858,25.844444444444445,2.3425335900634376,False
WM CEDIS CHALCO/BODEGA PANTITLAN,78,908.407092907093,30.13979251599276,0.0,9.73076923076923,0.0,1.0,0.0,38.57893442047073,9.73076923076923,3.097369981880679,False
WM CEDIS CHALCO/BODEGA PINOTEPA PLAZA,21,1317.0285714285717,36.29088827004061,0.0,11.857142857142858,0.0,1.0,0.0,46.45233698565198,11.857142857142858,3.0606773239793283,False
WM CEDIS CHALCO/BODEGA PLAN DE AYALA,88,1476.7983281086729,38.42913384541308,1.0,14.227272727272728,0.0,1.0,1.0,50.18929132212874,14.227272727272728,2.7010892798692896,False
WM CEDIS CHALCO/BODEGA PLAZA CHIMALHUACAN,37,1565.3768768768768,39.564843951125056,1.0,16.89189189189189,0.0,1.0,1.0,51.64300025744007,16.89189189189189,2.342238761906603,False
WM CEDIS CHALCO/BODEGA REAL DE COSTITLAN,32,1326.5645161290322,36.42203338817085,0.5,13.625,0.0,1.0,0.5,47.12020273685869,13.625,2.673176762434558,False
WM CEDIS CHALCO/BODEGA SAN LORENZO,26,77031298.64615385,8776.747612080106,0.0,1728.6153846153843,0.0,1.0,0.0,11234.236943462536,1728.6153846153843,5.077328184275605,False
WM CEDIS CHALCO/BODEGA SOR JUANA,64,1906.641865079365,43.66511038666186,1.0,18.34375,0.0,1.0,1.0,56.89134129492718,18.34375,2.380380804724326,False
WM CEDIS CHALCO/BODEGA TEHUACAN 2,156,4969.97005789909,70.49801456707196,0.0,24.06410256410257,0.0,1.0,0.0,90.23745864585212,24.06410256410257,2.9295925073157227,False
WM CEDIS CHALCO/BODEGA TEMIXCO,21,105975.0619047619,325.53811129384206,1.0,89.52380952380952,1.0,4.0,1.0,417.68878245611785,89.52380952380952,3.636329966580151,False
WM CEDIS CHALCO/BODEGA TULYEHUALCO,90,2808.0011235955044,52.9905757998109,1.0,22.23333333333333,0.0,1.0,1.0,68.82793702375795,22.23333333333333,2.3833842188820498,False
WM CEDIS CHALCO/BODEGA VALLE DE CHALCO,25,884.4899999999999,29.74037659479113,1.0,12.64,0.0,1.0,1.0,39.067682041332645,12.64,2.3528778951575258,False
WM CEDIS CHALCO/BODEGA YAUTEPEC,98,2265.791394908478,47.60032977730804,0.0,16.887755102040817,0.0,1.0,0.0,60.92842211495429,16.887755102040817,2.8186297995022285,False
WM CEDIS CHALCO/BODEGA ZARAGOZA,68,1264.772607550483,35.56364165198051,0.0,13.058823529411764,0.0,1.0,0.0,45.52146131453505,13.058823529411764,2.723341928304814,False
WM CEDIS CHALCO/CHIMALHUACAN PEÑON,73,3043.326484018264,55.16635282505328,1.0,26.91780821917808,0.0,1.0,1.0,71.6129316160682,26.91780821917808,2.049437026070682,False
WM CEDIS CHALCO/COMERCIALIZADORA EL ORO,43,1700.264673311185,41.23426576660709,1.0,15.209302325581396,0.0,1.0,1.0,53.77986018125707,15.209302325581396,2.7111214494863987,False
WM CEDIS CHALCO/FABRICA DE JABON LA CORONA,853,2189151.983945094,1479.5783128800902,1.0,65.17350527549824,0.0,1.0,1.0,1894.8602404865155,65.17350527549824,22.70214417078979,True
WM CEDIS CHALCO/FRABEL SMO,86,23445631.36538988,4842.068913738204,1.0,595.8953488372093,0.0,5.25,1.0,6198.848209584901,595.8953488372093,8.125703486672109,True
WM CEDIS CHALCO/KIMBERLY CLARK ECATEPEC,70,1234.583850931677,35.13664541375111,1.0,13.714285714285714,0.0,1.75,1.0,45.97490612960142,13.714285714285714,2.562047061419352,False
WM CEDIS CHALCO/KIMBERLY TEPOTZOTLAN,22,3642.123376623377,60.35000726282787,1.0,25.13636363636364,0.0,1.0,1.0,78.24800929641968,25.13636363636364,2.400904448069101,False
WM CEDIS CHALCO/PATIO HUB MORELOS,61,1657.0131147540976,40.7064259638954,1.0,20.229508196721312,0.0,1.0,1.0,53.10422523378611,20.229508196721312,2.012230132737131,False
WM CEDIS CHALCO/PATIO MAVERICK,53,5726.809869375906,75.67568876049894,0.0,15.18867924528302,0.0,1.0,0.0,96.86488161343864,15.18867924528302,4.9823745395111105,False
WM CEDIS CHALCO/PATIO TIP PERAL,43,48566.16611295681,220.3773266762187,60.0,112.02325581395348,3.0,120.5,60.0,342.08297814555993,112.02325581395348,1.967246221108035,False
WM CEDIS CHALCO/PEPSICO SMO,80,9009.90743670886,94.92053221884537,1.0,38.9375,0.0,2.0,1.0,122.49828124012208,38.9375,2.437766477530539,False
WM CEDIS CHALCO/SAMS CLUB CD JARDIN,129,1860.43144379845,43.13271894743536,0.0,14.589147286821705,0.0,1.0,0.0,55.20988025271727,14.589147286821705,2.95649348789541,False
WM CEDIS CHALCO/SAMS CLUB CUAUTLA,318,36699.2330714442,191.5704389289856,0.0,36.78930817610063,0.0,1.0,0.0,245.2101618291016,36.78930817610063,5.207231351347757,False
WM CEDIS CHALCO/SAMS CLUB CUEMANCO,61,1891.6426229508204,43.4930180942967,0.0,18.39344262295082,0.0,1.0,0.0,55.67106316069978,18.39344262295082,2.364593675358377,False
WM CEDIS CHALCO/SAMS CLUB EL MOLINITO,247,3116.0581942661547,55.82166420186839,0.0,18.05263157894737,0.0,1.0,0.0,71.45173017839154,18.05263157894737,3.0921621569548083,False
WM CEDIS CHALCO/SAMS CLUB HIPERPLAZA TEXCOCO,107,834.7501322518074,28.892042715111156,0.0,8.607476635514018,0.0,1.0,0.0,36.98181467534228,8.607476635514018,3.356621683514543,False
WM CEDIS CHALCO/SAMS CLUB IXTAPALUCA,89,4592.222931562819,67.76594226868552,0.0,19.415730337078653,0.0,1.0,0.0,86.74040610391746,19.415730337078653,3.490259758051511,False
WM CEDIS CHALCO/SAMS CLUB PLAZA ORIENTE,72,1006.2157668231616,31.72090425607633,0.0,10.40277777777778,0.0,1.0,0.0,40.60275744777771,10.40277777777778,3.049272505257003,False
WM CEDIS CHALCO/SAMS CLUB TEHUACAN,159,12535875.811878037,3540.6038767247087,0.0,319.685534591195,0.0,1.0,0.0,4531.972962207628,319.685534591195,11.075270832170542,True
WM CEDIS CHALCO/SAMS CLUB ZARAGOZA,68,4815.519534679542,69.39394451016271,0.0,17.63235294117647,0.0,1.0,0.0,88.82424897300827,17.63235294117647,3.9356031915688607,False
WM CEDIS CHALCO/TIP MEXICO CONVENTO,24,2654.695652173913,51.52373872472681,60.0,79.5,60.0,120.0,60.0,125.95038556765032,79.5,0.6480973424493939,False
WM CEDIS CHALCO/WM AEROPUERTO,38,1246.6714082503554,35.30823428395075,0.5,14.63157894736842,0.0,1.0,0.5,45.69453988345696,14.63157894736842,2.4131527028599438,False
WM CEDIS CHALCO/WM AGUSTIN LARA,227,8827871.065845387,2971.1733483331777,0.0,221.66079295154185,0.0,1.0,0.0,3803.101885866468,221.66079295154185,13.404144723883208,True
WM CEDIS CHALCO/WM ARCOS TLACHICHUCA,48,1348.666223404255,36.724191255959,0.0,13.8125,0.0,1.0,0.0,47.00696480762752,13.8125,2.658764977806986,False
WM CEDIS CHALCO/WM BODEGA REMOTA AYOTLA,109,36248235.67465171,6020.650768368127,60.0,922.559633027523,60.0,61.0,60.0,7766.432983511202,922.559633027523,6.526028836326194,False
WM CEDIS CHALCO/WM BODEGA REMOTA CHALCO,2856,34972639910.68892,187009.73212827437,1.0,3620.230742296919,0.0,1.0,1.0,239373.4571241912,3620.230742296919,51.656854338964806,True
WM CEDIS CHALCO/WM CEDIS CHALCO,102,24790.648126577376,157.4504624527263,0.5,28.186274509803923,0.0,1.0,0.5,202.03659193948965,28.186274509803923,5.5860685809315065,False
WM CEDIS CHALCO/WM CHALCO 2000,84,26883.574727481348,163.96211369545512,0.0,30.05952380952381,0.0,1.0,0.0,209.87150553018256,30.05952380952381,5.454581208086427,False
WM CEDIS CHALCO/WM COYUCA GRO,26,4488.486153846154,66.99616521746714,0.5,17.615384615384617,0.0,1.0,0.5,86.25509147835794,17.615384615384617,3.803275754703374,False
WM CEDIS CHALCO/WM EL MOLINITO,212,8812158.30653671,2968.5279696402918,0.0,234.6981132075472,0.0,1.0,0.0,3799.715801139573,234.6981132075472,12.64828220845208,True
WM CEDIS CHALCO/WM HIPERPLAZA TEXCOCO,46,1570.4096618357494,39.62839464116291,0.0,18.65217391304348,0.0,1.0,0.0,50.72434514068853,18.65217391304348,2.1245992464959134,False
WM CEDIS CHALCO/WM HORIZONTE,26,1602.5415384615387,40.031756624729056,0.5,16.692307692307693,0.0,1.0,0.5,51.7406484796532,16.692307692307693,2.3982158346611877,False
WM CEDIS CHALCO/WM LOS ATRIOS CUAUTLA,131,18144.545977686423,134.70169255687333,0.0,29.709923664122137,0.0,1.0,0.0,172.41816647279785,29.709923664122137,4.533895612782735,False
WM CEDIS CHALCO/WM PERIFERICO SUR,28,992.7023809523808,31.507179831784068,0.0,8.964285714285714,0.0,1.0,0.0,40.32919018468361,8.964285714285714,3.514745160517745,False
WM CEDIS CHALCO/WM PLAZA EL PASEO,181,15746.34039287907,125.48442290929609,0.0,23.265193370165747,0.0,1.0,0.0,160.62006132389897,23.265193370165747,5.393654843643455,False
WM CEDIS CHALCO/WM PLAZA ORIENTE,31,27958.0623655914,167.20664569804455,0.0,55.064516129032256,0.0,31.0,0.0,214.02450649349703,55.064516129032256,3.0365588849674174,False
WM CEDIS CHALCO/WM PUERTA TEXCOCO,33,999.371212121212,31.61283302902813,0.0,11.393939393939394,0.0,1.0,0.0,40.464426277156015,11.393939393939394,2.7745305583987454,False
WM CEDIS CHALCO/WM SAN MARTIN TEXMELUCAN,69,33767.39428815004,183.7590658665581,1.0,37.7536231884058,0.0,1.0,1.0,236.2116043091944,37.7536231884058,4.867322665947221,False
WM CEDIS CHALCO/WM TECPAN DE GALEANA,33,23343.80871212121,152.78680804349966,1.0,60.60606060606061,0.0,4.0,1.0,196.5671142956796,60.60606060606061,2.520982332717744,False
WM CEDIS CHALCO/WM TLAHUAC,32,2303.512096774194,47.99491740563988,1.0,22.1875,0.0,2.0,1.0,62.43349427921905,22.1875,2.163151207014755,False
WM CEDIS CHALCO/WM TLALPAN,43,16954.666666666668,130.21008665486198,0.0,28.0,0.0,1.0,0.0,166.66891091822333,28.0,4.650360237673643,False
WM CEDIS CHALCO/WM VICENTE GUERRERO,20,14243.252631578947,119.34509890053695,0.5,38.9,0.0,1.0,0.5,153.2617265926873,38.9,3.067997401042081,False
WM CEDIS CHALCO/WM VILLA COAPA,60,1373.857627118644,37.06558548193518,0.0,14.2,0.0,1.0,0.0,47.44394941687703,14.2,2.6102524987278297,False
WM CEDIS CHALCO/WM VISTA HERMOSA,46,45553.30241545896,213.43219629535503,0.0,42.17391304347826,0.0,1.0,0.0,273.1932112580544,42.17391304347826,5.060763417312542,False
WM CEDIS CHIHUAHUA/WM CEDIS MEGAPARK IDC,30,313980.0103448276,560.3391922263047,2281.5,2421.7,2049.0,2770.0,2281.5,2998.73416604967,2421.7,0.23138257927336364,False
WM CEDIS CULIACAN/WM CEDIS MEGAPARK,62,391874.5883130619,625.9988724535068,1969.5,2173.6612903225805,1760.25,2460.0,1969.5,2770.778556740489,2173.6612903225805,0.28799283275666465,False
WM CEDIS LA LUZ/WM CEDIS MEGAPARK IDC,103,14848.696554349894,121.85522784989529,34.0,71.58252427184466,25.0,63.5,34.0,189.97469164786597,71.58252427184466,1.702304146011015,False
WM CEDIS MEGAPARK/WM CEDIS CHIHUAHUA,32,579380.1602822581,761.1702570924971,2110.0,2262.03125,1883.25,2344.75,2110.0,3084.297929078396,2262.03125,0.33649855946618645,False
WM CEDIS MEGAPARK/WM CEDIS CULIACAN,63,166041.83154121862,407.4823082554856,1611.0,1659.4444444444443,1412.5,1852.0,1611.0,2132.5773545670218,1659.4444444444443,0.24555344990287048,False
WM CEDIS MEGAPARK/WM CEDIS GUADALAJARA,81,452868.734567901,672.955224786836,717.0,870.8765432098766,620.0,821.0,717.0,1578.38268772715,870.8765432098766,0.7727332077477455,False
WM CEDIS MEGAPARK/WM CEDIS LA LUZ,99,19338857.07792208,4397.596738892969,40.0,563.2727272727273,30.0,60.0,40.0,5668.923825783001,563.2727272727273,7.807224681701528,True
WM CEDIS MEGAPARK/WM CEDIS MID TEYA,40,788131.5666666667,887.7677436507066,2119.5,2374.85,1885.25,2592.5,2119.5,3255.8427118729046,2374.85,0.37382055441426054,False
WM CEDIS MEGAPARK/WM CEDIS MONTERREY,69,27355363.58738278,5230.235519303388,1217.0,2039.9710144927533,996.0,1573.0,1217.0,7911.701464708337,2039.9710144927533,2.5638773698968005,False
WM CEDIS MEGAPARK/WM CEDIS SANTA BARBARA,32,1185.8991935483868,34.43688710595641,32.5,43.8125,25.75,43.5,32.5,76.5792154956242,43.8125,0.7860059824469365,False
WM CEDIS MEGAPARK/WM CEDIS VILLAHERMOSA,38,441181.37197724025,664.2148537764269,1202.0,1374.078947368421,1027.0,1430.0,1202.0,2052.1950128338267,1374.078947368421,0.48338914954523077,False
WM CEDIS MID TEYA/ SMURFFIT KAPPA,186,2349675.5601278697,1532.865147404647,2880.0,2560.913978494624,1918.75,2881.0,2880.0,4842.067388677948,2560.913978494624,0.5985617479840957,False
WM CEDIS MID TEYA/AURRERA MONTEJO,318,13338471.724738602,3652.187252146117,60.0,437.2704402515723,34.25,61.0,60.0,4734.799682747029,437.2704402515723,8.352239062958212,True
WM CEDIS MID TEYA/BODEGA AURRERA CHETUMAL,182,11017627.187177457,3319.28112505968,375.5,600.1978021978022,60.0,480.0,375.5,4624.179840076391,600.1978021978022,5.530312028643138,False
WM CEDIS MID TEYA/BODEGA AURRERA NICHUPTE,27,30154.5584045584,173.65067925164703,300.0,232.40740740740745,1.0,360.0,300.0,522.2728694421082,232.40740740740745,0.7471822055449353,False
WM CEDIS MID TEYA/BODEGA AURRERA PLAYA MAYA 3670,50,106793.47959183672,326.7927165526134,362.0,426.1,327.5,425.75,362.0,780.2946771873451,426.1,0.7669390203065323,False
WM CEDIS MID TEYA/BODEGA AURRERA QUETZALCOATL,72,28231216.000000007,5313.305562453566,60.0,795.5,31.5,60.0,60.0,6861.031119940565,795.5,6.679202466943515,True
WM CEDIS MID TEYA/BODEGA AURRERA TALLERES,20,58271.50263157895,241.39491011945333,360.0,375.15,316.5,384.0,360.0,668.9854849529003,375.15,0.6434623753683949,False
WM CEDIS MID TEYA/SAMS AVENIDA AVIACION,31,62679256.38494624,7917.023202248825,60.0,1910.4193548387095,60.0,61.0,60.0,10193.789698878496,1910.4193548387095,4.14412845127254,False
WM CEDIS MID TEYA/SAMS CANCUN 6578,128,15753431.46499754,3969.0592670049086,390.5,807.0859375,319.75,438.0,390.5,5470.895861766283,807.0859375,4.9177653612691135,False
WM CEDIS MID TEYA/SAMS CANCUN CUMBRES,27,22682.900284900286,150.60843364466774,361.0,335.1481481481481,300.5,420.0,361.0,553.7787950651747,335.1481481481481,0.4493786836563189,False
WM CEDIS MID TEYA/SAMS CLUB CHETUMAL,123,77950716.80607755,8828.97031403309,420.0,1516.9268292682927,301.0,480.0,420.0,11721.082001962355,1516.9268292682927,5.820300718322614,False
WM CEDIS MID TEYA/SAMS CLUB MERIDA ORIENTE,166,24018044.39445052,4900.820787832434,60.0,663.8674698795181,60.0,61.0,60.0,6333.050608425516,663.8674698795181,7.382227643601603,True
WM CEDIS MID TEYA/SAMS MERIDA,58,33784981.90955838,5812.485002953416,60.0,1131.051724137931,37.5,61.75,60.0,7499.980803780373,1131.051724137931,5.139009011620222,False
WM CEDIS MID TEYA/SAM´S CLUB CANCUN KABAH,26,150193.01538461537,387.5474363024678,389.5,457.1538461538461,335.25,420.75,389.5,885.5607184671588,457.1538461538461,0.8477396385549525,False
WM CEDIS MID TEYA/WM CANAL 13,118,24141955.23750544,4913.446370675621,60.0,685.042372881356,60.0,61.0,60.0,6349.211354464796,685.042372881356,7.17247073346599,True
WM CEDIS MID TEYA/WM CANCUN COMANCALCO,275,1699465.8646317187,1303.6356333852334,361.0,454.6181818181818,301.0,421.0,361.0,2029.6536107330987,454.6181818181818,2.8675395871135754,False
WM CEDIS MID TEYA/WM CANCUN LABNA,54,66254.92138364782,257.40031348785845,417.5,363.05555555555554,301.25,420.0,417.5,746.9724012644588,363.05555555555554,0.7089832659191205,False
WM CEDIS MID TEYA/WM CANCUN POLIGONO SUR,37,45804.2027027027,214.01916433511903,361.0,319.72972972972974,60.0,420.0,361.0,634.9445303489524,319.72972972972974,0.6693752392560781,False
WM CEDIS MID TEYA/WM CEDIS MEGAPARK,66,1544896.4671328666,1242.9386417409617,2249.0,2316.5454545454545,1695.75,2880.0,2249.0,3839.961461428431,2316.5454545454545,0.5365483501746557,False
WM CEDIS MID TEYA/WM CEDIS VILLAHERMOSA SECOS,27,905187.5156695156,951.4134304651768,841.0,1336.851851851852,630.5,2040.0,841.0,2058.8091909954264,1336.851851851852,0.7116820230657923,False
WM CEDIS MID TEYA/WM INSURGENTES CHETUMAL,54,44776.82459818309,211.60535106226183,360.0,289.9259259259259,18.0,435.75,360.0,630.8548493596952,289.9259259259259,0.7298600509301315,False
WM CEDIS MID TEYA/WM NICHUPTE,41,14283.61097560976,119.51406183211148,360.0,359.8048780487805,301.0,420.0,360.0,512.9779991451027,359.8048780487805,0.3321635395279671,False
WM CEDIS MID TEYA/WM POLIGONO,62,904062.9045478584,950.8222255226568,60.0,259.30645161290323,60.0,60.75,60.0,1277.0524486690008,259.30645161290323,3.6667896984763777,False
WM CEDIS MONTERREY/FRIALSA SANTA ROSA,21,1411009.661904762,1187.8592769788693,1.0,680.5238095238095,0.0,1224.0,1.0,1521.4598745329529,680.5238095238095,1.7455072994581384,False
WM CEDIS MONTERREY/WM CEDIS MEGAPARK IDC,60,322782.4912429379,568.1394998087511,1394.5,1436.6833333333334,1075.0,1605.0,1394.5,2121.7185597552016,1436.6833333333334,0.395452140793321,False
WM CEDIS PERECEDERO VHSA/DESCONSOLIDADOR GAL MERIDA,144,83101.22902097907,288.2728378133796,890.0,915.9583333333334,780.0,961.5,890.0,1258.989232401126,915.9583333333334,0.31472265421103174,False
WM CEDIS PERECEDERO VHSA/WM CEDIS SAN MARTIN OBISPO,22,642485.9675324677,801.552223833524,1285.5,1470.590909090909,1053.75,1580.75,1285.5,2311.4868465069108,1470.590909090909,0.545054521198576,False
WM CEDIS SANTA BARBARA/WM CEDIS MEGAPARK IDC,35,19671.05546218487,140.2535399274645,40.0,86.05714285714286,28.5,60.0,40.0,219.52453110715456,86.05714285714286,1.6297722103125023,False
WM CEDIS VILLAHERMOSA SECOS/CEDIS PERECEDEROS VHS,84,2301.2408204245557,47.97124993602476,1.0,13.654761904761903,0.0,11.25,1.0,62.40319991811169,13.654761904761903,3.513151695401988,False
WM CEDIS VILLAHERMOSA SECOS/PENSION SALINAS CRUZ,1443,6806786.8483462725,2608.981956309064,651.0,882.4684684684685,540.0,805.0,651.0,3990.4969040756014,882.4684684684685,2.9564591252047503,False
WM CEDIS VILLAHERMOSA SECOS/WM CEDIS MEGAPARK IDC,36,455128.42777777766,674.6320684475188,1517.5,1587.9722222222222,1042.5,1816.25,1517.5,2381.029047612824,1587.9722222222222,0.4248387087674826,False
WM CEDIS VILLAHERMOSA SECOS/WM SANTA FE,45,1173063.845454546,1083.080719731704,467.0,730.2,368.0,791.0,467.0,1853.3433212565808,730.2,1.4832658446065514,False
WM CHALCO 2000/WM CEDIS CHALCO,57,435.3220551378445,20.864372867111165,0.0,6.228070175438597,0.0,1.0,0.0,26.70639726990229,6.228070175438597,3.3500542350009472,False
WM COATZACOALCOS/BODEGA AURRERA COATZACOALCOS,20,2902.8710526315786,53.87829853133429,5.0,28.85,4.0,19.0,5.0,73.96422212010789,28.85,1.8675320114847238,False
WM EL MOLINITO/WM CEDIS CHALCO,113,17625588.12262958,4198.283949738224,0.0,408.8584070796461,0.0,1.0,0.0,5373.803455664926,408.8584070796461,10.268307749191992,True
WM INSURGENTES CHETUMAL/WM CEDIS MID TEYA,54,90748.40950384348,301.2447667659033,360.0,336.9259259259259,51.75,465.0,360.0,745.5933014603563,336.9259259259259,0.894097911693898,False
WM LOS ATRIOS CUAUTLA/WM CEDIS CHALCO,83,100982.2018806935,317.7769687700691,0.0,49.33734939759036,0.0,1.0,0.0,406.75452002568846,49.33734939759036,6.440900710113733,False
WM MERIDA NORTE/SUPER CENTER ALTA BRISA,33,11134.630681818182,105.52075948275856,27.0,50.54545454545455,19.0,32.0,27.0,162.06657213793096,50.54545454545455,2.0876409250186048,False
WM NICHUPTE/CEDIS WM MID TEYA,44,691894.4920718814,831.8019548377374,360.0,473.79545454545456,300.0,421.25,360.0,1424.706502192304,473.79545454545456,1.7556140458032545,False
WM PASEO DE LA FUENTES/WM CANCUN POLIGONO SUR,25,742416.5000000001,861.6359440041949,24.0,221.4,15.0,88.0,24.0,1126.8940083253694,221.4,3.8917612646982604,False
WM PLAZA EL PASEO/CEDIS WM CHALCO,115,17332549.45949657,4163.237857665182,0.0,417.55652173913046,0.0,1.0,0.0,5328.944457811433,417.55652173913046,9.970477386690598,True
WM POLIGONO/WM CEDIS MID TEYA,61,2014.9377049180323,44.88805748657467,60.0,48.72131147540984,28.0,60.0,60.0,117.45671358281558,48.72131147540984,0.9213228488159672,False
WM SAN MARTIN TEXMELUCAN/WM CEDIS CHALCO,41,2192.528048780488,46.82443858478698,0.0,12.146341463414634,0.0,1.0,0.0,59.935281388527336,12.146341463414634,3.8550240601933057,False
WM SANTA FE/PENSION TUXTEPEC,83,1026494.6376726414,1013.1607166055352,477.0,808.1807228915662,15.0,1440.0,477.0,1773.845717255085,808.1807228915662,1.2536313820757528,False
WM SANTA FE/WM CEDIS VILLAHERMOSA SECOS,43,643637.6356589147,802.2703008705449,471.0,791.5348837209302,407.0,851.5,471.0,1497.9059851142974,791.5348837209302,1.013562784623147,False
WM TLALPAN/WM CEDIS CHALCO,24,669.0362318840581,25.86573470605577,0.0,5.583333333333333,0.0,1.0,0.0,33.10814042375139,5.583333333333333,4.632668902577152,False
WM VILLA COAPA/WM CEDIS CHALCO,28,624.1944444444445,24.983883694182627,0.0,6.75,0.0,1.0,0.0,31.97937112855376,6.75,3.7013161028418704,False
WM VISTA HERMOSA/WM CEDIS CHALCO,30,475.5402298850573,21.80688491933356,0.0,4.666666666666667,0.0,1.0,0.0,27.912812696746958,4.666666666666667,4.672903911285762,False
|WM CEDIS CHALCO/BODEGA HUAJUAPAN,36,1767.3801587301589,42.04022072646811,0.0,18.63888888888889,0.0,2.0,0.0,53.81148252987918,18.63888888888889,2.25551109709814,False
